-- phpMyAdmin SQL Dump
-- version 5.2.1
-- https://www.phpmyadmin.net/
--
-- Servidor: localhost
-- Tiempo de generación: 22-07-2025 a las 02:26:29
-- Versión del servidor: 10.4.32-MariaDB
-- Versión de PHP: 8.2.12

SET FOREIGN_KEY_CHECKS=0;
SET SQL_MODE = "NO_AUTO_VALUE_ON_ZERO";
START TRANSACTION;
SET time_zone = "+00:00";


/*!40101 SET @OLD_CHARACTER_SET_CLIENT=@@CHARACTER_SET_CLIENT */;
/*!40101 SET @OLD_CHARACTER_SET_RESULTS=@@CHARACTER_SET_RESULTS */;
/*!40101 SET @OLD_COLLATION_CONNECTION=@@COLLATION_CONNECTION */;
/*!40101 SET NAMES utf8mb4 */;

--
-- Base de datos: `prueba`
--

-- --------------------------------------------------------

--
-- Estructura de tabla para la tabla `admisiones`
--

CREATE TABLE `admisiones` (
  `id_Admision` int(11) NOT NULL,
  `estado` varchar(255) NOT NULL,
  `id_motivo_de_Internacion` int(11) DEFAULT NULL,
  `id_prioridad_de_atencion` int(11) DEFAULT NULL,
  `id_tipo_de_admision` int(11) DEFAULT NULL,
  `fecha_De_Admision` datetime NOT NULL,
  `fecha_De_Actualizacion` datetime DEFAULT NULL,
  `id_Paciente` int(11) DEFAULT NULL,
  `id_Cama` int(11) DEFAULT NULL,
  `recomendacion_seguimiento_medico` varchar(255) DEFAULT NULL
) ENGINE=InnoDB DEFAULT CHARSET=utf8mb4 COLLATE=utf8mb4_general_ci;

--
-- Volcado de datos para la tabla `admisiones`
--

INSERT INTO `admisiones` (`id_Admision`, `estado`, `id_motivo_de_Internacion`, `id_prioridad_de_atencion`, `id_tipo_de_admision`, `fecha_De_Admision`, `fecha_De_Actualizacion`, `id_Paciente`, `id_Cama`, `recomendacion_seguimiento_medico`) VALUES
(1, 'Alta', 1, 1, 1, '2023-05-18 09:00:00', '2025-06-26 02:31:38', 1, 2, 'asdasdasdasdasdasdasdas'),
(2, 'Baja', 1, 4, 1, '2023-05-17 15:30:00', '2025-07-11 19:57:37', 2, 8, NULL),
(3, 'Alta', 1, 1, 1, '2023-05-18 10:15:00', '2025-07-09 06:12:56', 3, 22, 'hasdadadas'),
(4, 'Alta', 5, 1, 3, '2023-05-18 08:45:00', '2025-07-11 20:04:22', 4, 7, 'ghhasdsdsdadsdsd'),
(5, 'Alta', 4, 3, 1, '2023-05-16 14:00:00', '2023-05-18 09:30:00', 5, 9, NULL),
(6, 'Activo', 1, 1, 3, '2025-06-24 22:41:47', '2025-07-07 19:23:11', 6, 23, NULL),
(7, 'Baja', 1, 1, 1, '2025-06-26 01:39:43', '2025-06-26 02:31:38', 1, 2, NULL),
(8, 'Baja', 1, 1, 1, '2025-06-26 02:01:34', '2025-06-26 02:31:38', 1, 2, NULL),
(9, 'Baja', 1, 4, 1, '2025-06-26 02:21:34', '2025-07-11 19:57:37', 2, 8, NULL),
(10, 'Alta', 1, 4, 1, '2025-06-26 02:32:50', '2025-07-11 20:07:30', 1, 2, NULL),
(14, 'Baja', 1, 4, 1, '2025-06-26 23:17:39', '2025-07-11 19:57:37', 2, 8, NULL),
(15, 'Alta', 1, 1, 1, '2025-07-09 04:54:57', '2025-07-09 06:12:56', 3, 22, 'hhhhhhhhhhhhhhhhhh'),
(16, 'Alta', 1, 1, 1, '2025-07-09 05:36:01', '2025-07-09 06:12:56', 3, 22, 'hhggggggggggaaaa'),
(17, 'Alta', 1, 1, 1, '2025-07-09 06:13:05', '2025-07-21 21:36:03', 3, 36, 'asdasssssssssssssssssssss'),
(18, 'Alta', 1, 1, 2, '2025-07-11 19:57:58', '2025-07-21 20:32:42', 2, 16, NULL),
(19, 'Alta', 2, 1, 1, '2025-07-11 20:15:20', '2025-07-21 18:27:11', 1, 20, NULL),
(20, 'Alta', 1, 4, 1, '2025-07-21 21:23:07', '2025-07-21 21:29:21', 2, 8, 'nsodasdasdasd'),
(21, 'Baja', 1, 2, 1, '2025-07-21 23:12:29', '2025-07-22 00:24:15', 7, 48, 'cuidese señor'),
(22, 'Baja', 1, 2, 1, '2025-07-22 00:09:15', '2025-07-22 00:24:15', 7, 48, NULL),
(23, 'Baja', 1, 2, 1, '2025-07-22 00:20:03', '2025-07-22 00:24:15', 7, 48, NULL);

-- --------------------------------------------------------

--
-- Estructura de tabla para la tabla `categoriasseguros`
--

CREATE TABLE `categoriasseguros` (
  `id_Categoria_Seguro` int(11) NOT NULL,
  `nombre` varchar(255) DEFAULT NULL,
  `createdAt` datetime NOT NULL,
  `updatedAt` datetime NOT NULL
) ENGINE=InnoDB DEFAULT CHARSET=utf8mb4 COLLATE=utf8mb4_general_ci;

--
-- Volcado de datos para la tabla `categoriasseguros`
--

INSERT INTO `categoriasseguros` (`id_Categoria_Seguro`, `nombre`, `createdAt`, `updatedAt`) VALUES
(1, 'Platinum', '2025-05-18 04:55:43', '2025-05-18 04:55:43'),
(2, 'Gold', '2025-05-18 04:55:43', '2025-05-18 04:55:43'),
(3, 'Silver', '2025-05-18 04:55:43', '2025-05-18 04:55:43'),
(4, 'Bronze', '2025-05-18 04:55:43', '2025-05-18 04:55:43');

-- --------------------------------------------------------

--
-- Estructura de tabla para la tabla `enfermeros`
--

CREATE TABLE `enfermeros` (
  `id_Enfermero` int(11) NOT NULL,
  `nombre` varchar(255) NOT NULL,
  `apellido` varchar(255) NOT NULL,
  `dni` int(11) NOT NULL,
  `fecha_nac` datetime NOT NULL,
  `edad` int(11) NOT NULL,
  `peso` double DEFAULT NULL,
  `genero` varchar(255) NOT NULL,
  `telefono` int(11) DEFAULT NULL,
  `telefono_de_emergencia` int(11) DEFAULT NULL,
  `direccion` varchar(255) NOT NULL,
  `id_usuario` int(11) DEFAULT NULL,
  `createdAt` datetime NOT NULL,
  `updatedAt` datetime NOT NULL
) ENGINE=InnoDB DEFAULT CHARSET=utf8mb4 COLLATE=utf8mb4_general_ci;

--
-- Volcado de datos para la tabla `enfermeros`
--

INSERT INTO `enfermeros` (`id_Enfermero`, `nombre`, `apellido`, `dni`, `fecha_nac`, `edad`, `peso`, `genero`, `telefono`, `telefono_de_emergencia`, `direccion`, `id_usuario`, `createdAt`, `updatedAt`) VALUES
(1, 'Carlos', 'López', 25678901, '1985-03-10 00:00:00', 38, 80.2, 'Masculino', 1167890123, 1198765434, 'Av. Libertador 2048', 4, '2025-05-18 04:56:22', '2025-05-18 04:56:22'),
(2, 'Ana', 'Martínez', 27890123, '1988-11-25 00:00:00', 35, 58.7, 'Femenino', 1178901234, 1198765435, 'Calle 13 456', 6, '2025-05-18 04:56:22', '2025-05-18 04:56:22');

-- --------------------------------------------------------

--
-- Estructura de tabla para la tabla `especialidades`
--

CREATE TABLE `especialidades` (
  `id_Especialidad` int(11) NOT NULL,
  `nombre` varchar(255) DEFAULT NULL,
  `createdAt` datetime NOT NULL,
  `updatedAt` datetime NOT NULL
) ENGINE=InnoDB DEFAULT CHARSET=utf8mb4 COLLATE=utf8mb4_general_ci;

--
-- Volcado de datos para la tabla `especialidades`
--

INSERT INTO `especialidades` (`id_Especialidad`, `nombre`, `createdAt`, `updatedAt`) VALUES
(1, 'Cardiología', '2025-05-18 04:55:43', '2025-05-18 04:55:43'),
(2, 'Pediatría', '2025-05-18 04:55:43', '2025-05-18 04:55:43'),
(3, 'Traumatología', '2025-05-18 04:55:43', '2025-05-18 04:55:43'),
(4, 'Neurología', '2025-05-18 04:55:43', '2025-05-18 04:55:43'),
(5, 'Dermatología', '2025-05-18 04:55:43', '2025-05-18 04:55:43'),
(6, 'Cirugía General', '2025-07-21 20:09:30', '2025-07-21 20:09:30'),
(7, 'Cirugía Plástica', '2025-07-21 20:09:30', '2025-07-21 20:09:30'),
(8, 'Cirugía Cardiovascular', '2025-07-21 20:09:30', '2025-07-21 20:09:30'),
(9, 'Cirugía Torácica', '2025-07-21 20:09:30', '2025-07-21 20:09:30'),
(10, 'Cirugía Oncológica', '2025-07-21 20:09:30', '2025-07-21 20:09:30'),
(11, 'Cirugía Pediátrica', '2025-07-21 20:09:30', '2025-07-21 20:09:30'),
(12, 'Neurocirugía', '2025-07-21 20:09:30', '2025-07-21 20:09:30'),
(13, 'Cirugía Maxilofacial', '2025-07-21 20:09:30', '2025-07-21 20:09:30'),
(14, 'Oftalmología', '2025-07-21 20:09:30', '2025-07-21 20:09:30'),
(15, 'Otorrinolaringología', '2025-07-21 20:09:30', '2025-07-21 20:09:30'),
(16, 'Gastroenterología', '2025-07-21 20:09:30', '2025-07-21 20:09:30'),
(17, 'Endocrinología', '2025-07-21 20:09:30', '2025-07-21 20:09:30'),
(18, 'Nefrología', '2025-07-21 20:09:30', '2025-07-21 20:09:30'),
(19, 'Neumología', '2025-07-21 20:09:30', '2025-07-21 20:09:30'),
(20, 'Reumatología', '2025-07-21 20:09:30', '2025-07-21 20:09:30'),
(21, 'Hematología', '2025-07-21 20:09:30', '2025-07-21 20:09:30'),
(22, 'Infectología', '2025-07-21 20:09:30', '2025-07-21 20:09:30'),
(23, 'Alergología', '2025-07-21 20:09:30', '2025-07-21 20:09:30'),
(24, 'Oncología Médica', '2025-07-21 20:09:30', '2025-07-21 20:09:30'),
(25, 'Medicina Interna', '2025-07-21 20:09:30', '2025-07-21 20:09:30'),
(26, 'Radiología', '2025-07-21 20:09:30', '2025-07-21 20:09:30'),
(27, 'Medicina Nuclear', '2025-07-21 20:09:30', '2025-07-21 20:09:30'),
(28, 'Patología', '2025-07-21 20:09:30', '2025-07-21 20:09:30'),
(29, 'Anatomía Patológica', '2025-07-21 20:09:30', '2025-07-21 20:09:30'),
(30, 'Psiquiatría', '2025-07-21 20:09:30', '2025-07-21 20:09:30'),
(31, 'Geriatría', '2025-07-21 20:09:30', '2025-07-21 20:09:30'),
(32, 'Medicina Familiar', '2025-07-21 20:09:30', '2025-07-21 20:09:30'),
(33, 'Medicina del Trabajo', '2025-07-21 20:09:30', '2025-07-21 20:09:30'),
(34, 'Medicina Deportiva', '2025-07-21 20:09:30', '2025-07-21 20:09:30'),
(35, 'Medicina Física y Rehabilitación', '2025-07-21 20:09:30', '2025-07-21 20:09:30');

-- --------------------------------------------------------

--
-- Estructura de tabla para la tabla `horarios_turnos`
--

CREATE TABLE `horarios_turnos` (
  `id_horario_turno` int(11) NOT NULL,
  `hora` varchar(255) DEFAULT NULL,
  `createdAt` datetime NOT NULL,
  `updatedAt` datetime NOT NULL
) ENGINE=InnoDB DEFAULT CHARSET=utf8mb4 COLLATE=utf8mb4_general_ci;

--
-- Volcado de datos para la tabla `horarios_turnos`
--

INSERT INTO `horarios_turnos` (`id_horario_turno`, `hora`, `createdAt`, `updatedAt`) VALUES
(1, '08:00', '2025-05-18 04:55:43', '2025-05-18 04:55:43'),
(2, '08:20', '2025-05-18 04:55:43', '2025-05-18 04:55:43'),
(3, '08:40', '2025-05-18 04:55:43', '2025-05-18 04:55:43'),
(4, '09:00', '2025-05-18 04:55:43', '2025-05-18 04:55:43'),
(5, '09:20', '2025-05-18 04:55:43', '2025-05-18 04:55:43'),
(6, '09:40', '2025-05-18 04:55:43', '2025-05-18 04:55:43'),
(7, '10:00', '2025-05-18 04:55:43', '2025-05-18 04:55:43'),
(8, '10:20', '2025-05-18 04:55:43', '2025-05-18 04:55:43'),
(9, '10:40', '2025-05-18 04:55:43', '2025-05-18 04:55:43'),
(10, '11:00', '2025-05-18 04:55:43', '2025-05-18 04:55:43'),
(11, '11:20', '2025-05-18 04:55:43', '2025-05-18 04:55:43'),
(12, '11:40', '2025-05-18 04:55:43', '2025-05-18 04:55:43'),
(13, '12:00', '2025-05-18 04:55:43', '2025-05-18 04:55:43'),
(14, '12:20', '2025-05-18 04:55:43', '2025-05-18 04:55:43'),
(15, '12:40', '2025-05-18 04:55:43', '2025-05-18 04:55:43'),
(16, '13:00', '2025-05-18 04:55:43', '2025-05-18 04:55:43'),
(17, '13:20', '2025-05-18 04:55:43', '2025-05-18 04:55:43'),
(18, '13:40', '2025-05-18 04:55:43', '2025-05-18 04:55:43'),
(19, '14:00', '2025-05-18 04:55:43', '2025-05-18 04:55:43'),
(20, '14:20', '2025-05-18 04:55:43', '2025-05-18 04:55:43'),
(21, '14:40', '2025-05-18 04:55:43', '2025-05-18 04:55:43'),
(22, '15:00', '2025-05-18 04:55:43', '2025-05-18 04:55:43'),
(23, '15:20', '2025-05-18 04:55:43', '2025-05-18 04:55:43'),
(24, '15:40', '2025-05-18 04:55:43', '2025-05-18 04:55:43'),
(25, '16:00', '2025-05-18 04:55:43', '2025-05-18 04:55:43');

-- --------------------------------------------------------

--
-- Estructura de tabla para la tabla `hospital_alas`
--

CREATE TABLE `hospital_alas` (
  `id_Ala` int(11) NOT NULL,
  `nombre` varchar(255) NOT NULL,
  `cantidad_Habitaciones` int(11) NOT NULL,
  `unidad` varchar(255) NOT NULL,
  `createdAt` datetime NOT NULL,
  `updatedAt` datetime NOT NULL
) ENGINE=InnoDB DEFAULT CHARSET=utf8mb4 COLLATE=utf8mb4_general_ci;

--
-- Volcado de datos para la tabla `hospital_alas`
--

INSERT INTO `hospital_alas` (`id_Ala`, `nombre`, `cantidad_Habitaciones`, `unidad`, `createdAt`, `updatedAt`) VALUES
(1, 'Ala Norte', 10, 'Cardiología', '2025-05-18 04:56:34', '2025-05-18 04:56:34'),
(2, 'Ala Sur', 8, 'Pediatría', '2025-05-18 04:56:34', '2025-05-18 04:56:34'),
(3, 'Ala Este', 12, 'Cirugía', '2025-05-18 04:56:34', '2025-05-18 04:56:34'),
(4, 'Ala Oeste', 6, 'Terapia Intensiva', '2025-05-18 04:56:34', '2025-05-18 04:56:34');

-- --------------------------------------------------------

--
-- Estructura de tabla para la tabla `hospital_camas`
--

CREATE TABLE `hospital_camas` (
  `id_Cama` int(11) NOT NULL,
  `disponible` tinyint(1) NOT NULL DEFAULT 1,
  `id_habitacion` int(11) DEFAULT NULL,
  `createdAt` datetime NOT NULL,
  `updatedAt` datetime NOT NULL
) ENGINE=InnoDB DEFAULT CHARSET=utf8mb4 COLLATE=utf8mb4_general_ci;

--
-- Volcado de datos para la tabla `hospital_camas`
--

INSERT INTO `hospital_camas` (`id_Cama`, `disponible`, `id_habitacion`, `createdAt`, `updatedAt`) VALUES
(1, 1, 1, '2025-05-18 04:56:34', '2025-06-26 02:01:29'),
(2, 1, 1, '2025-05-18 04:56:34', '2025-07-21 18:55:44'),
(3, 1, 2, '2025-05-18 04:56:34', '2025-05-18 04:56:34'),
(4, 1, 3, '2025-05-18 04:56:34', '2025-05-18 04:56:34'),
(5, 1, 3, '2025-05-18 04:56:34', '2025-07-09 04:54:27'),
(6, 1, 4, '2025-05-18 04:56:34', '2025-05-18 04:56:34'),
(7, 1, 4, '2025-05-18 04:56:34', '2025-07-21 23:20:50'),
(8, 1, 5, '2025-05-18 04:56:34', '2025-07-22 00:20:59'),
(9, 1, 6, '2025-05-18 04:56:34', '2025-05-18 04:56:34'),
(10, 1, 6, '2025-05-18 04:56:34', '2025-05-18 04:56:34'),
(11, 1, 7, '2025-05-18 04:56:34', '2025-05-18 04:56:34'),
(12, 1, 7, '2025-05-18 04:56:34', '2025-05-18 04:56:34'),
(13, 1, 8, '2025-05-18 04:56:34', '2025-05-18 04:56:34'),
(14, 1, 9, '2025-05-18 04:56:34', '2025-05-18 04:56:34'),
(15, 1, 9, '2025-05-18 04:56:34', '2025-05-18 04:56:34'),
(16, 0, 10, '2025-05-18 04:56:34', '2025-07-21 20:32:42'),
(17, 1, 10, '2025-05-18 04:56:34', '2025-05-18 04:56:34'),
(18, 1, 11, '2025-05-18 04:56:34', '2025-05-18 04:56:34'),
(19, 1, 12, '2025-05-18 04:56:34', '2025-06-26 02:36:06'),
(20, 1, 12, '2025-05-18 04:56:34', '2025-07-22 00:21:55'),
(21, 1, 13, '2025-05-18 04:56:34', '2025-05-18 04:56:34'),
(22, 0, 14, '2025-05-18 04:56:34', '2025-07-22 00:07:59'),
(23, 0, 14, '2025-05-18 04:56:34', '2025-06-24 22:41:47'),
(24, 1, 15, '2025-05-18 04:56:34', '2025-05-18 04:56:34'),
(25, 1, 15, '2025-05-18 04:56:34', '2025-05-18 04:56:34'),
(26, 1, 16, '2025-05-18 04:56:34', '2025-05-18 04:56:34'),
(27, 1, 17, '2025-05-18 04:56:34', '2025-05-18 04:56:34'),
(28, 1, 17, '2025-05-18 04:56:34', '2025-05-18 04:56:34'),
(29, 1, 18, '2025-05-18 04:56:34', '2025-05-18 04:56:34'),
(30, 1, 18, '2025-05-18 04:56:34', '2025-05-18 04:56:34'),
(31, 1, 19, '2025-05-18 04:56:34', '2025-05-18 04:56:34'),
(32, 1, 20, '2025-05-18 04:56:34', '2025-05-18 04:56:34'),
(33, 1, 20, '2025-05-18 04:56:34', '2025-05-18 04:56:34'),
(34, 1, 21, '2025-05-18 04:56:34', '2025-07-22 00:23:16'),
(35, 1, 22, '2025-05-18 04:56:34', '2025-05-18 04:56:34'),
(36, 0, 22, '2025-05-18 04:56:34', '2025-07-21 21:36:03'),
(37, 1, 23, '2025-05-18 04:56:34', '2025-05-18 04:56:34'),
(38, 1, 24, '2025-05-18 04:56:34', '2025-05-18 04:56:34'),
(39, 1, 24, '2025-05-18 04:56:34', '2025-05-18 04:56:34'),
(40, 1, 25, '2025-05-18 04:56:34', '2025-05-18 04:56:34'),
(41, 1, 26, '2025-05-18 04:56:34', '2025-05-18 04:56:34'),
(42, 1, 26, '2025-05-18 04:56:34', '2025-05-18 04:56:34'),
(43, 1, 27, '2025-05-18 04:56:34', '2025-05-18 04:56:34'),
(44, 1, 28, '2025-05-18 04:56:34', '2025-05-18 04:56:34'),
(45, 1, 28, '2025-05-18 04:56:34', '2025-05-18 04:56:34'),
(46, 1, 29, '2025-05-18 04:56:34', '2025-06-26 23:09:06'),
(47, 1, 30, '2025-05-18 04:56:34', '2025-06-26 19:12:32'),
(48, 1, 30, '2025-05-18 04:56:34', '2025-07-22 00:24:24'),
(49, 1, 31, '2025-05-18 04:56:34', '2025-05-18 04:56:34'),
(50, 1, 32, '2025-05-18 04:56:34', '2025-07-09 05:35:43'),
(51, 1, 33, '2025-05-18 04:56:34', '2025-05-18 04:56:34'),
(52, 1, 33, '2025-05-18 04:56:34', '2025-05-18 04:56:34'),
(53, 1, 34, '2025-05-18 04:56:34', '2025-05-18 04:56:34'),
(54, 1, 35, '2025-05-18 04:56:34', '2025-05-18 04:56:34');

-- --------------------------------------------------------

--
-- Estructura de tabla para la tabla `hospital_habitaciones`
--

CREATE TABLE `hospital_habitaciones` (
  `id_Habitacion` int(11) NOT NULL,
  `nro_Habitacion` int(11) NOT NULL,
  `cantidad_Camas` int(11) NOT NULL DEFAULT 0,
  `id_ala` int(11) DEFAULT NULL,
  `createdAt` datetime NOT NULL,
  `updatedAt` datetime NOT NULL
) ENGINE=InnoDB DEFAULT CHARSET=utf8mb4 COLLATE=utf8mb4_general_ci;

--
-- Volcado de datos para la tabla `hospital_habitaciones`
--

INSERT INTO `hospital_habitaciones` (`id_Habitacion`, `nro_Habitacion`, `cantidad_Camas`, `id_ala`, `createdAt`, `updatedAt`) VALUES
(1, 101, 2, 1, '2025-05-18 04:56:34', '2025-05-18 04:56:34'),
(2, 102, 1, 1, '2025-05-18 04:56:34', '2025-05-18 04:56:34'),
(3, 201, 2, 2, '2025-05-18 04:56:34', '2025-05-18 04:56:34'),
(4, 202, 2, 2, '2025-05-18 04:56:34', '2025-05-18 04:56:34'),
(5, 301, 1, 3, '2025-05-18 04:56:34', '2025-05-18 04:56:34'),
(6, 401, 2, 4, '2025-05-18 04:56:34', '2025-05-18 04:56:34'),
(7, 103, 2, 1, '2025-05-18 04:56:34', '2025-05-18 04:56:34'),
(8, 104, 1, 1, '2025-05-18 04:56:34', '2025-05-18 04:56:34'),
(9, 105, 2, 1, '2025-05-18 04:56:34', '2025-05-18 04:56:34'),
(10, 106, 2, 1, '2025-05-18 04:56:34', '2025-05-18 04:56:34'),
(11, 107, 1, 1, '2025-05-18 04:56:34', '2025-05-18 04:56:34'),
(12, 108, 2, 1, '2025-05-18 04:56:34', '2025-05-18 04:56:34'),
(13, 109, 1, 1, '2025-05-18 04:56:34', '2025-05-18 04:56:34'),
(14, 110, 2, 1, '2025-05-18 04:56:34', '2025-05-18 04:56:34'),
(15, 203, 2, 2, '2025-05-18 04:56:34', '2025-05-18 04:56:34'),
(16, 204, 1, 2, '2025-05-18 04:56:34', '2025-05-18 04:56:34'),
(17, 205, 2, 2, '2025-05-18 04:56:34', '2025-05-18 04:56:34'),
(18, 206, 2, 2, '2025-05-18 04:56:34', '2025-05-18 04:56:34'),
(19, 207, 1, 2, '2025-05-18 04:56:34', '2025-05-18 04:56:34'),
(20, 208, 2, 2, '2025-05-18 04:56:34', '2025-05-18 04:56:34'),
(21, 302, 1, 3, '2025-05-18 04:56:34', '2025-05-18 04:56:34'),
(22, 303, 2, 3, '2025-05-18 04:56:34', '2025-05-18 04:56:34'),
(23, 304, 1, 3, '2025-05-18 04:56:34', '2025-05-18 04:56:34'),
(24, 305, 2, 3, '2025-05-18 04:56:34', '2025-05-18 04:56:34'),
(25, 306, 1, 3, '2025-05-18 04:56:34', '2025-05-18 04:56:34'),
(26, 307, 2, 3, '2025-05-18 04:56:34', '2025-05-18 04:56:34'),
(27, 308, 1, 3, '2025-05-18 04:56:34', '2025-05-18 04:56:34'),
(28, 309, 2, 3, '2025-05-18 04:56:34', '2025-05-18 04:56:34'),
(29, 310, 1, 3, '2025-05-18 04:56:34', '2025-05-18 04:56:34'),
(30, 311, 2, 3, '2025-05-18 04:56:34', '2025-05-18 04:56:34'),
(31, 312, 1, 3, '2025-05-18 04:56:34', '2025-05-18 04:56:34'),
(32, 403, 1, 4, '2025-05-18 04:56:34', '2025-05-18 04:56:34'),
(33, 404, 2, 4, '2025-05-18 04:56:34', '2025-05-18 04:56:34'),
(34, 405, 1, 4, '2025-05-18 04:56:34', '2025-05-18 04:56:34'),
(35, 406, 1, 4, '2025-05-18 04:56:34', '2025-05-18 04:56:34');

-- --------------------------------------------------------

--
-- Estructura de tabla para la tabla `lazo_familiar`
--

CREATE TABLE `lazo_familiar` (
  `id_Lazo_Familiar` int(11) NOT NULL,
  `lazo` varchar(255) DEFAULT NULL,
  `createdAt` datetime NOT NULL,
  `updatedAt` datetime NOT NULL
) ENGINE=InnoDB DEFAULT CHARSET=utf8mb4 COLLATE=utf8mb4_general_ci;

--
-- Volcado de datos para la tabla `lazo_familiar`
--

INSERT INTO `lazo_familiar` (`id_Lazo_Familiar`, `lazo`, `createdAt`, `updatedAt`) VALUES
(1, 'Padre', '2025-05-18 04:56:45', '2025-05-18 04:56:45'),
(2, 'Madre', '2025-05-18 04:56:45', '2025-05-18 04:56:45'),
(3, 'Abuelo paterno', '2025-05-18 04:56:45', '2025-05-18 04:56:45'),
(4, 'Hermano', '2025-05-18 04:56:45', '2025-05-18 04:56:45'),
(6, 'Abuela paterna', '2025-07-21 19:08:39', '2025-07-21 19:08:39'),
(7, 'Tío materno', '2025-07-21 19:09:36', '2025-07-21 19:09:36'),
(8, 'Tía paterna', '2025-07-21 19:10:18', '2025-07-21 19:10:18'),
(9, 'Primo/a primer grado', '2025-07-21 19:10:18', '2025-07-21 19:10:18'),
(10, 'Medio hermano', '2025-07-21 19:10:18', '2025-07-21 19:10:18'),
(11, 'Abuelo materno', '2025-07-21 19:10:18', '2025-07-21 19:10:18'),
(12, 'Abuela materna', '2025-07-21 19:10:18', '2025-07-21 19:10:18'),
(13, 'Tío-abuelo', '2025-07-21 19:10:18', '2025-07-21 19:10:18'),
(14, 'Bisabuelo', '2025-07-21 19:10:18', '2025-07-21 19:10:18'),
(15, 'Primo/a segundo grado', '2025-07-21 19:10:18', '2025-07-21 19:10:18'),
(16, 'Cuñado/a', '2025-07-21 19:10:18', '2025-07-21 19:10:18'),
(17, 'Primo/a hermano', '2025-07-21 19:10:18', '2025-07-21 19:10:18'),
(18, 'Padre adoptivo', '2025-07-21 19:10:18', '2025-07-21 19:10:18'),
(19, 'Gemelo/a', '2025-07-21 19:10:18', '2025-07-21 19:10:18'),
(20, 'Tío político', '2025-07-21 19:10:18', '2025-07-21 19:10:18'),
(21, 'Sobrino/a político', '2025-07-21 19:10:18', '2025-07-21 19:10:18'),
(22, 'Nieto/a político', '2025-07-21 19:10:18', '2025-07-21 19:10:18'),
(23, 'Padrastro', '2025-07-21 19:10:18', '2025-07-21 19:10:18'),
(24, 'Madrastra', '2025-07-21 19:10:18', '2025-07-21 19:10:18'),
(25, 'Hermanastro', '2025-07-21 19:10:18', '2025-07-21 19:10:18'),
(26, 'Hermanastra', '2025-07-21 19:10:18', '2025-07-21 19:10:18'),
(27, 'Tío segundo', '2025-07-21 19:10:18', '2025-07-21 19:10:18'),
(28, 'Tía segunda', '2025-07-21 19:10:18', '2025-07-21 19:10:18'),
(29, 'Primo/a tercer grado', '2025-07-21 19:10:18', '2025-07-21 19:10:18'),
(30, 'Bisnieto/a', '2025-07-21 19:10:18', '2025-07-21 19:10:18'),
(31, 'Tío bisabuelo', '2025-07-21 19:10:18', '2025-07-21 19:10:18'),
(32, 'Sobrino/a nieto', '2025-07-21 19:10:18', '2025-07-21 19:10:18'),
(33, 'Concubino/a', '2025-07-21 19:10:18', '2025-07-21 19:10:18'),
(34, 'Ex-esposo/a', '2025-07-21 19:10:18', '2025-07-21 19:10:18'),
(35, 'Padrino/madrina', '2025-07-21 19:10:18', '2025-07-21 19:10:18'),
(36, 'Ahijado/a', '2025-07-21 19:10:18', '2025-07-21 19:10:18');

-- --------------------------------------------------------

--
-- Estructura de tabla para la tabla `medicamentos`
--

CREATE TABLE `medicamentos` (
  `id_Medicamento` int(11) NOT NULL,
  `nombre` varchar(255) NOT NULL,
  `id_tipo_de_medicamento` int(11) DEFAULT NULL,
  `dosis_Recomendada` double NOT NULL,
  `cantidad_Contenida` double NOT NULL,
  `codigo` int(11) DEFAULT NULL,
  `createdAt` datetime NOT NULL,
  `updatedAt` datetime NOT NULL
) ENGINE=InnoDB DEFAULT CHARSET=utf8mb4 COLLATE=utf8mb4_general_ci;

--
-- Volcado de datos para la tabla `medicamentos`
--

INSERT INTO `medicamentos` (`id_Medicamento`, `nombre`, `id_tipo_de_medicamento`, `dosis_Recomendada`, `cantidad_Contenida`, `codigo`, `createdAt`, `updatedAt`) VALUES
(1, 'Ibuprofeno', 1, 400, 20, 1001, '2025-05-18 04:56:06', '2025-05-18 04:56:06'),
(2, 'Amoxicilina', 2, 500, 10, 1002, '2025-05-18 04:56:06', '2025-05-18 04:56:06'),
(3, 'Paracetamol', 5, 500, 30, 1003, '2025-05-18 04:56:06', '2025-05-18 04:56:06'),
(4, 'Diclofenac', 3, 50, 20, 1004, '2025-05-18 04:56:06', '2025-05-18 04:56:06'),
(5, 'Loratadina', 4, 10, 15, 1005, '2025-05-18 04:56:06', '2025-05-18 04:56:06'),
(6, 'Azitromicina', 20, 500, 500, 2001, '2025-07-21 20:05:52', '2025-07-21 20:05:52'),
(7, 'Ciprofloxacino', 20, 500, 750, 2002, '2025-07-21 20:05:52', '2025-07-21 20:05:52'),
(8, 'Doxiciclina', 20, 100, 200, 2003, '2025-07-21 20:05:52', '2025-07-21 20:05:52'),
(9, 'Tramadol', 51, 50, 100, 2004, '2025-07-21 20:05:52', '2025-07-21 20:05:52'),
(10, 'Morfina', 51, 10, 30, 2005, '2025-07-21 20:05:52', '2025-07-21 20:05:52'),
(11, 'Codeína', 51, 30, 60, 2006, '2025-07-21 20:05:52', '2025-07-21 20:05:52'),
(12, 'Cetirizina', 14, 10, 10, 2007, '2025-07-21 20:05:52', '2025-07-21 20:05:52'),
(13, 'Fexofenadina', 14, 120, 180, 2008, '2025-07-21 20:05:52', '2025-07-21 20:05:52'),
(14, 'Desloratadina', 14, 5, 10, 2009, '2025-07-21 20:05:52', '2025-07-21 20:05:52'),
(15, 'Sertralina', 2, 50, 100, 2010, '2025-07-21 20:05:52', '2025-07-21 20:05:52'),
(16, 'Fluoxetina', 2, 20, 40, 2011, '2025-07-21 20:05:52', '2025-07-21 20:05:52'),
(17, 'Escitalopram', 2, 10, 20, 2012, '2025-07-21 20:05:52', '2025-07-21 20:05:52'),
(18, 'Venlafaxina', 2, 75, 150, 2013, '2025-07-21 20:05:52', '2025-07-21 20:05:52'),
(19, 'Risperidona', 3, 2, 4, 2014, '2025-07-21 20:05:52', '2025-07-21 20:05:52'),
(20, 'Quetiapina', 3, 100, 200, 2015, '2025-07-21 20:05:52', '2025-07-21 20:05:52'),
(21, 'Olanzapina', 3, 5, 10, 2016, '2025-07-21 20:05:52', '2025-07-21 20:05:52'),
(22, 'Losartán', 8, 50, 100, 2017, '2025-07-21 20:05:52', '2025-07-21 20:05:52'),
(23, 'Amlodipino', 30, 5, 10, 2018, '2025-07-21 20:05:52', '2025-07-21 20:05:52'),
(24, 'Enalapril', 31, 10, 20, 2019, '2025-07-21 20:05:52', '2025-07-21 20:05:52'),
(25, 'Valsartán', 32, 80, 160, 2020, '2025-07-21 20:05:52', '2025-07-21 20:05:52'),
(26, 'Metformina', 12, 500, 850, 2021, '2025-07-21 20:05:52', '2025-07-21 20:05:52'),
(27, 'Glibenclamida', 12, 5, 10, 2022, '2025-07-21 20:05:52', '2025-07-21 20:05:52'),
(28, 'Insulina Glargina', 12, 100, 300, 2023, '2025-07-21 20:05:52', '2025-07-21 20:05:52'),
(29, 'Salbutamol', 5, 2, 4, 2024, '2025-07-21 20:05:52', '2025-07-21 20:05:52'),
(30, 'Budesonida', 6, 200, 400, 2025, '2025-07-21 20:05:52', '2025-07-21 20:05:52'),
(31, 'Formoterol', 5, 12, 24, 2026, '2025-07-21 20:05:52', '2025-07-21 20:05:52'),
(32, 'Omeprazol', 39, 20, 40, 2027, '2025-07-21 20:05:52', '2025-07-21 20:05:52'),
(33, 'Ranitidina', 40, 150, 300, 2028, '2025-07-21 20:05:52', '2025-07-21 20:05:52'),
(34, 'Pantoprazol', 39, 40, 80, 2029, '2025-07-21 20:05:52', '2025-07-21 20:05:52'),
(35, 'Warfarina', 1, 5, 10, 2030, '2025-07-21 20:05:52', '2025-07-21 20:05:52'),
(36, 'Rivaroxabán', 1, 20, 20, 2031, '2025-07-21 20:05:52', '2025-07-21 20:05:52'),
(37, 'Apixabán', 1, 5, 10, 2032, '2025-07-21 20:05:52', '2025-07-21 20:05:52'),
(38, 'Atorvastatina', 11, 20, 40, 2033, '2025-07-21 20:05:52', '2025-07-21 20:05:52'),
(39, 'Simvastatina', 11, 20, 40, 2034, '2025-07-21 20:05:52', '2025-07-21 20:05:52'),
(40, 'Rosuvastatina', 11, 10, 20, 2035, '2025-07-21 20:05:52', '2025-07-21 20:05:52'),
(41, 'Carbamazepina', 4, 200, 400, 2036, '2025-07-21 20:05:52', '2025-07-21 20:05:52'),
(42, 'Ácido Valproico', 4, 500, 1000, 2037, '2025-07-21 20:05:52', '2025-07-21 20:05:52'),
(43, 'Levetiracetam', 4, 500, 1000, 2038, '2025-07-21 20:05:52', '2025-07-21 20:05:52'),
(44, 'Prednisona', 6, 5, 20, 2039, '2025-07-21 20:05:52', '2025-07-21 20:05:52'),
(45, 'Dexametasona', 6, 4, 8, 2040, '2025-07-21 20:05:52', '2025-07-21 20:05:52'),
(46, 'Hidrocortisona', 6, 20, 40, 2041, '2025-07-21 20:05:52', '2025-07-21 20:05:52'),
(47, 'Furosemida', 7, 40, 80, 2042, '2025-07-21 20:05:52', '2025-07-21 20:05:52'),
(48, 'Hidroclorotiazida', 7, 25, 50, 2043, '2025-07-21 20:05:52', '2025-07-21 20:05:52'),
(49, 'Espironolactona', 45, 25, 50, 2044, '2025-07-21 20:05:52', '2025-07-21 20:05:52'),
(50, 'Diazepam', 49, 5, 10, 2045, '2025-07-21 20:05:52', '2025-07-21 20:05:52'),
(51, 'Alprazolam', 49, 0.5, 1, 2046, '2025-07-21 20:05:52', '2025-07-21 20:05:52'),
(52, 'Zolpidem', 48, 10, 20, 2047, '2025-07-21 20:05:52', '2025-07-21 20:05:52'),
(53, 'Sumatriptán', 34, 50, 100, 2048, '2025-07-21 20:05:52', '2025-07-21 20:05:52'),
(54, 'Ergotamina', 34, 1, 2, 2049, '2025-07-21 20:05:52', '2025-07-21 20:05:52'),
(55, 'Alendronato', 43, 70, 70, 2050, '2025-07-21 20:05:52', '2025-07-21 20:05:52'),
(56, 'Risedronato', 43, 35, 35, 2051, '2025-07-21 20:05:52', '2025-07-21 20:05:52'),
(57, 'Aciclovir', 20, 400, 800, 2052, '2025-07-21 20:05:52', '2025-07-21 20:05:52'),
(58, 'Oseltamivir', 20, 75, 150, 2053, '2025-07-21 20:05:52', '2025-07-21 20:05:52'),
(59, 'Fluconazol', 19, 150, 300, 2054, '2025-07-21 20:05:52', '2025-07-21 20:05:52'),
(60, 'Ketoconazol', 19, 200, 400, 2055, '2025-07-21 20:05:52', '2025-07-21 20:05:52'),
(61, 'Carisoprodol', 25, 350, 700, 2056, '2025-07-21 20:05:52', '2025-07-21 20:05:52'),
(62, 'Ciclobenzaprina', 25, 10, 20, 2057, '2025-07-21 20:05:52', '2025-07-21 20:05:52'),
(63, 'Levodopa/Carbidopa', 24, 250, 500, 2058, '2025-07-21 20:05:52', '2025-07-21 20:05:52'),
(64, 'Pramipexol', 56, 0.25, 1, 2059, '2025-07-21 20:05:52', '2025-07-21 20:05:52'),
(65, 'Ondansetrón', 16, 8, 16, 2060, '2025-07-21 20:05:52', '2025-07-21 20:05:52');

-- --------------------------------------------------------

--
-- Estructura de tabla para la tabla `medicos`
--

CREATE TABLE `medicos` (
  `id_Medico` int(11) NOT NULL,
  `nombre` varchar(255) NOT NULL,
  `apellido` varchar(255) NOT NULL,
  `dni` int(11) NOT NULL,
  `fecha_nac` datetime NOT NULL,
  `edad` int(11) NOT NULL,
  `peso` double DEFAULT NULL,
  `genero` varchar(255) NOT NULL,
  `telefono` int(11) DEFAULT NULL,
  `telefono_De_Emergencia` int(11) DEFAULT NULL,
  `direccion` varchar(255) NOT NULL,
  `id_Especialidad` int(11) DEFAULT NULL,
  `id_usuario` int(11) DEFAULT NULL,
  `createdAt` datetime NOT NULL,
  `updatedAt` datetime NOT NULL
) ENGINE=InnoDB DEFAULT CHARSET=utf8mb4 COLLATE=utf8mb4_general_ci;

--
-- Volcado de datos para la tabla `medicos`
--

INSERT INTO `medicos` (`id_Medico`, `nombre`, `apellido`, `dni`, `fecha_nac`, `edad`, `peso`, `genero`, `telefono`, `telefono_De_Emergencia`, `direccion`, `id_Especialidad`, `id_usuario`, `createdAt`, `updatedAt`) VALUES
(1, 'Juan', 'Pérez', 30123456, '1975-05-15 00:00:00', 48, 75.5, 'Masculino', 1145678901, 1198765432, 'Av. Siempreviva 742', 1, 2, '2025-05-18 04:56:22', '2025-05-18 04:56:22'),
(2, 'María', 'Gómez', 28987654, '1980-08-22 00:00:00', 43, 62.3, 'Femenino', 1156789012, 1198765433, 'Calle Falsa 123', 2, 3, '2025-05-18 04:56:22', '2025-05-18 04:56:22');

-- --------------------------------------------------------

--
-- Estructura de tabla para la tabla `motivo_de_internacion`
--

CREATE TABLE `motivo_de_internacion` (
  `id_motivo_de_Internacion` int(11) NOT NULL,
  `motivo` varchar(255) DEFAULT NULL,
  `createdAt` datetime NOT NULL,
  `updatedAt` datetime NOT NULL
) ENGINE=InnoDB DEFAULT CHARSET=utf8mb4 COLLATE=utf8mb4_general_ci;

--
-- Volcado de datos para la tabla `motivo_de_internacion`
--

INSERT INTO `motivo_de_internacion` (`id_motivo_de_Internacion`, `motivo`, `createdAt`, `updatedAt`) VALUES
(1, 'Cirugía programada', '2025-05-18 04:55:43', '2025-05-18 04:55:43'),
(2, 'Emergencia médica', '2025-05-18 04:55:43', '2025-05-18 04:55:43'),
(3, 'Observación', '2025-05-18 04:55:43', '2025-05-18 04:55:43'),
(4, 'Parto', '2025-05-18 04:55:43', '2025-05-18 04:55:43'),
(5, 'Tratamiento intensivo', '2025-05-18 04:55:43', '2025-05-18 04:55:43');

-- --------------------------------------------------------

--
-- Estructura de tabla para la tabla `mutuales`
--

CREATE TABLE `mutuales` (
  `id_mutual` int(11) NOT NULL,
  `nombre` varchar(255) DEFAULT NULL,
  `createdAt` datetime NOT NULL,
  `updatedAt` datetime NOT NULL
) ENGINE=InnoDB DEFAULT CHARSET=utf8mb4 COLLATE=utf8mb4_general_ci;

--
-- Volcado de datos para la tabla `mutuales`
--

INSERT INTO `mutuales` (`id_mutual`, `nombre`, `createdAt`, `updatedAt`) VALUES
(1, 'OSDE', '2025-05-18 04:55:43', '2025-05-18 04:55:43'),
(2, 'Swiss Medical', '2025-05-18 04:55:43', '2025-05-18 04:55:43'),
(3, 'Galeno', '2025-05-18 04:55:43', '2025-05-18 04:55:43'),
(4, 'Medifé', '2025-05-18 04:55:43', '2025-05-18 04:55:43'),
(5, 'Omint', '2025-05-18 04:55:43', '2025-05-18 04:55:43');

-- --------------------------------------------------------

--
-- Estructura de tabla para la tabla `nombre_alergia`
--

CREATE TABLE `nombre_alergia` (
  `id_nombre_alergia` int(11) NOT NULL,
  `nombre` varchar(255) DEFAULT NULL,
  `createdAt` datetime NOT NULL,
  `updatedAt` datetime NOT NULL
) ENGINE=InnoDB DEFAULT CHARSET=utf8mb4 COLLATE=utf8mb4_general_ci;

--
-- Volcado de datos para la tabla `nombre_alergia`
--

INSERT INTO `nombre_alergia` (`id_nombre_alergia`, `nombre`, `createdAt`, `updatedAt`) VALUES
(1, 'Penicilina', '2025-05-18 04:55:43', '2025-05-18 04:55:43'),
(2, 'Ácaros', '2025-05-18 04:55:43', '2025-05-18 04:55:43'),
(3, 'Polen', '2025-05-18 04:55:43', '2025-05-18 04:55:43'),
(4, 'Mariscos', '2025-05-18 04:55:43', '2025-05-18 04:55:43'),
(5, 'Látex', '2025-05-18 04:55:43', '2025-05-18 04:55:43'),
(6, 'Amoxicilina', '2025-07-21 19:14:00', '2025-07-21 19:14:00'),
(7, 'Ibuprofeno', '2025-07-21 19:14:00', '2025-07-21 19:14:00'),
(8, 'Aspirina', '2025-07-21 19:14:00', '2025-07-21 19:14:00'),
(9, 'Sulfamidas', '2025-07-21 19:14:00', '2025-07-21 19:14:00'),
(10, 'Cefalosporinas', '2025-07-21 19:14:00', '2025-07-21 19:14:00'),
(11, 'Codeína', '2025-07-21 19:14:00', '2025-07-21 19:14:00'),
(12, 'Morfina', '2025-07-21 19:14:00', '2025-07-21 19:14:00'),
(13, 'Huevos', '2025-07-21 19:14:00', '2025-07-21 19:14:00'),
(14, 'Leche', '2025-07-21 19:14:00', '2025-07-21 19:14:00'),
(15, 'Trigo', '2025-07-21 19:14:00', '2025-07-21 19:14:00'),
(16, 'Soja', '2025-07-21 19:14:01', '2025-07-21 19:14:01'),
(17, 'Maní', '2025-07-21 19:14:01', '2025-07-21 19:14:01'),
(18, 'Nueces', '2025-07-21 19:14:01', '2025-07-21 19:14:01'),
(19, 'Almendras', '2025-07-21 19:14:01', '2025-07-21 19:14:01'),
(20, 'Avellanas', '2025-07-21 19:14:01', '2025-07-21 19:14:01'),
(21, 'Cacahuetes', '2025-07-21 19:14:01', '2025-07-21 19:14:01'),
(22, 'Sésamo', '2025-07-21 19:14:01', '2025-07-21 19:14:01'),
(23, 'Mostaza', '2025-07-21 19:14:01', '2025-07-21 19:14:01'),
(24, 'Apio', '2025-07-21 19:14:01', '2025-07-21 19:14:01'),
(25, 'Melocotón', '2025-07-21 19:14:01', '2025-07-21 19:14:01'),
(26, 'Kiwi', '2025-07-21 19:14:01', '2025-07-21 19:14:01'),
(27, 'Fresas', '2025-07-21 19:14:01', '2025-07-21 19:14:01'),
(28, 'Plátano', '2025-07-21 19:14:01', '2025-07-21 19:14:01'),
(29, 'Aguacate', '2025-07-21 19:14:01', '2025-07-21 19:14:01'),
(30, 'Higos', '2025-07-21 19:14:01', '2025-07-21 19:14:01'),
(31, 'Cacahuate', '2025-07-21 19:14:01', '2025-07-21 19:14:01'),
(32, 'Anacardos', '2025-07-21 19:14:01', '2025-07-21 19:14:01'),
(33, 'Pistachos', '2025-07-21 19:14:01', '2025-07-21 19:14:01'),
(34, 'Nuez de Brasil', '2025-07-21 19:14:01', '2025-07-21 19:14:01'),
(35, 'Pecanas', '2025-07-21 19:14:01', '2025-07-21 19:14:01'),
(36, 'Piñones', '2025-07-21 19:14:01', '2025-07-21 19:14:01'),
(37, 'Castañas', '2025-07-21 19:14:01', '2025-07-21 19:14:01'),
(38, 'Macadamia', '2025-07-21 19:14:01', '2025-07-21 19:14:01'),
(39, 'Coco', '2025-07-21 19:14:01', '2025-07-21 19:14:01'),
(40, 'Lentejas', '2025-07-21 19:14:01', '2025-07-21 19:14:01'),
(41, 'Garbanzos', '2025-07-21 19:14:01', '2025-07-21 19:14:01'),
(42, 'Haba', '2025-07-21 19:14:01', '2025-07-21 19:14:01'),
(43, 'Guisantes', '2025-07-21 19:14:01', '2025-07-21 19:14:01'),
(44, 'Altramuces', '2025-07-21 19:14:01', '2025-07-21 19:14:01'),
(45, 'Albahaca', '2025-07-21 19:14:01', '2025-07-21 19:14:01'),
(46, 'Canela', '2025-07-21 19:14:01', '2025-07-21 19:14:01'),
(47, 'Clavo', '2025-07-21 19:14:01', '2025-07-21 19:14:01'),
(48, 'Comino', '2025-07-21 19:14:01', '2025-07-21 19:14:01'),
(49, 'Cúrcuma', '2025-07-21 19:14:01', '2025-07-21 19:14:01'),
(50, 'Jengibre', '2025-07-21 19:14:01', '2025-07-21 19:14:01'),
(51, 'Nuez moscada', '2025-07-21 19:14:01', '2025-07-21 19:14:01'),
(52, 'Pimentón', '2025-07-21 19:14:01', '2025-07-21 19:14:01'),
(53, 'Pimienta', '2025-07-21 19:14:01', '2025-07-21 19:14:01'),
(54, 'Vainilla', '2025-07-21 19:14:01', '2025-07-21 19:14:01'),
(55, 'Azafrán', '2025-07-21 19:14:01', '2025-07-21 19:14:01'),
(56, 'Chocolate', '2025-07-21 19:14:01', '2025-07-21 19:14:01'),
(57, 'Café', '2025-07-21 19:14:01', '2025-07-21 19:14:01'),
(58, 'Té', '2025-07-21 19:14:01', '2025-07-21 19:14:01'),
(59, 'Miel', '2025-07-21 19:14:01', '2025-07-21 19:14:01'),
(60, 'Levadura', '2025-07-21 19:14:01', '2025-07-21 19:14:01'),
(61, 'Gluten', '2025-07-21 19:14:01', '2025-07-21 19:14:01'),
(62, 'Caseína', '2025-07-21 19:14:01', '2025-07-21 19:14:01'),
(63, 'Lactosa', '2025-07-21 19:14:01', '2025-07-21 19:14:01'),
(64, 'Colorante E102', '2025-07-21 19:14:01', '2025-07-21 19:14:01'),
(65, 'Conservante E220', '2025-07-21 19:14:01', '2025-07-21 19:14:01'),
(66, 'Edulcorante E951', '2025-07-21 19:14:01', '2025-07-21 19:14:01'),
(67, 'Glutamato monosódico', '2025-07-21 19:14:01', '2025-07-21 19:14:01'),
(68, 'Ampicilina', '2025-07-21 19:15:35', '2025-07-21 19:15:35'),
(69, 'Azitromicina', '2025-07-21 19:15:35', '2025-07-21 19:15:35'),
(70, 'Ciprofloxacino', '2025-07-21 19:15:35', '2025-07-21 19:15:35'),
(71, 'Diclofenaco', '2025-07-21 19:15:35', '2025-07-21 19:15:35'),
(72, 'Naproxeno', '2025-07-21 19:15:35', '2025-07-21 19:15:35'),
(73, 'Ketorolaco', '2025-07-21 19:15:35', '2025-07-21 19:15:35'),
(74, 'Paracetamol', '2025-07-21 19:15:35', '2025-07-21 19:15:35'),
(75, 'Tetraciclina', '2025-07-21 19:15:35', '2025-07-21 19:15:35'),
(76, 'Eritromicina', '2025-07-21 19:15:35', '2025-07-21 19:15:35'),
(77, 'Clindamicina', '2025-07-21 19:15:35', '2025-07-21 19:15:35'),
(78, 'Vancomicina', '2025-07-21 19:15:35', '2025-07-21 19:15:35'),
(79, 'Gentamicina', '2025-07-21 19:15:35', '2025-07-21 19:15:35'),
(80, 'Metronidazol', '2025-07-21 19:15:35', '2025-07-21 19:15:35'),
(81, 'Omeprazol', '2025-07-21 19:15:35', '2025-07-21 19:15:35'),
(82, 'Ranitidina', '2025-07-21 19:15:35', '2025-07-21 19:15:35'),
(83, 'Losartán', '2025-07-21 19:15:35', '2025-07-21 19:15:35'),
(84, 'Enalapril', '2025-07-21 19:15:35', '2025-07-21 19:15:35'),
(85, 'Atorvastatina', '2025-07-21 19:15:35', '2025-07-21 19:15:35'),
(86, 'Simvastatina', '2025-07-21 19:15:35', '2025-07-21 19:15:35'),
(87, 'Metformina', '2025-07-21 19:15:35', '2025-07-21 19:15:35'),
(88, 'Glibenclamida', '2025-07-21 19:15:35', '2025-07-21 19:15:35'),
(89, 'Insulina', '2025-07-21 19:15:35', '2025-07-21 19:15:35'),
(90, 'Warfarina', '2025-07-21 19:15:35', '2025-07-21 19:15:35'),
(91, 'Heparina', '2025-07-21 19:15:35', '2025-07-21 19:15:35'),
(92, 'Clopidogrel', '2025-07-21 19:15:35', '2025-07-21 19:15:35'),
(93, 'Ácido acetilsalicílico', '2025-07-21 19:15:35', '2025-07-21 19:15:35'),
(94, 'Dexametasona', '2025-07-21 19:15:35', '2025-07-21 19:15:35'),
(95, 'Hidrocortisona', '2025-07-21 19:15:35', '2025-07-21 19:15:35'),
(96, 'Prednisona', '2025-07-21 19:15:35', '2025-07-21 19:15:35'),
(97, 'Fluconazol', '2025-07-21 19:15:35', '2025-07-21 19:15:35'),
(98, 'Ketoconazol', '2025-07-21 19:15:35', '2025-07-21 19:15:35'),
(99, 'Miconazol', '2025-07-21 19:15:35', '2025-07-21 19:15:35'),
(100, 'Nistatina', '2025-07-21 19:15:35', '2025-07-21 19:15:35'),
(101, 'Amitriptilina', '2025-07-21 19:15:35', '2025-07-21 19:15:35'),
(102, 'Fluoxetina', '2025-07-21 19:15:35', '2025-07-21 19:15:35'),
(103, 'Sertralina', '2025-07-21 19:15:35', '2025-07-21 19:15:35'),
(104, 'Diazepam', '2025-07-21 19:15:35', '2025-07-21 19:15:35'),
(105, 'Lorazepam', '2025-07-21 19:15:35', '2025-07-21 19:15:35'),
(106, 'Clonazepam', '2025-07-21 19:15:35', '2025-07-21 19:15:35'),
(107, 'Carbamazepina', '2025-07-21 19:15:35', '2025-07-21 19:15:35'),
(108, 'Fenitoína', '2025-07-21 19:15:35', '2025-07-21 19:15:35'),
(109, 'Gabapentina', '2025-07-21 19:15:35', '2025-07-21 19:15:35'),
(110, 'Pregabalina', '2025-07-21 19:15:35', '2025-07-21 19:15:35'),
(111, 'Tramadol', '2025-07-21 19:15:35', '2025-07-21 19:15:35'),
(112, 'Morfina', '2025-07-21 19:15:35', '2025-07-21 19:15:35'),
(113, 'Fentanilo', '2025-07-21 19:15:35', '2025-07-21 19:15:35'),
(114, 'Codeína', '2025-07-21 19:15:35', '2025-07-21 19:15:35'),
(115, 'Ondansetrón', '2025-07-21 19:15:35', '2025-07-21 19:15:35'),
(116, 'Metoclopramida', '2025-07-21 19:15:35', '2025-07-21 19:15:35'),
(117, 'Domperidona', '2025-07-21 19:15:35', '2025-07-21 19:15:35'),
(118, 'Lansoprazol', '2025-07-21 19:15:35', '2025-07-21 19:15:35'),
(119, 'Pantoprazol', '2025-07-21 19:15:35', '2025-07-21 19:15:35'),
(120, 'Esomeprazol', '2025-07-21 19:15:35', '2025-07-21 19:15:35'),
(121, 'Furosemida', '2025-07-21 19:15:35', '2025-07-21 19:15:35'),
(122, 'Hidroclorotiazida', '2025-07-21 19:15:35', '2025-07-21 19:15:35'),
(123, 'Espironolactona', '2025-07-21 19:15:35', '2025-07-21 19:15:35'),
(124, 'Digoxina', '2025-07-21 19:15:35', '2025-07-21 19:15:35'),
(125, 'Amiodarona', '2025-07-21 19:15:35', '2025-07-21 19:15:35'),
(126, 'Propofol', '2025-07-21 19:15:35', '2025-07-21 19:15:35'),
(127, 'Sevoflurano', '2025-07-21 19:15:35', '2025-07-21 19:15:35'),
(128, 'Lidocaína', '2025-07-21 19:15:35', '2025-07-21 19:15:35'),
(129, 'Bupivacaína', '2025-07-21 19:15:35', '2025-07-21 19:15:35');

-- --------------------------------------------------------

--
-- Estructura de tabla para la tabla `nombre_cirugia`
--

CREATE TABLE `nombre_cirugia` (
  `id_nombre_cirugia` int(11) NOT NULL,
  `nombre` varchar(255) DEFAULT NULL,
  `createdAt` datetime NOT NULL,
  `updatedAt` datetime NOT NULL
) ENGINE=InnoDB DEFAULT CHARSET=utf8mb4 COLLATE=utf8mb4_general_ci;

--
-- Volcado de datos para la tabla `nombre_cirugia`
--

INSERT INTO `nombre_cirugia` (`id_nombre_cirugia`, `nombre`, `createdAt`, `updatedAt`) VALUES
(1, 'Apéndice', '2025-05-18 04:55:43', '2025-05-18 04:55:43'),
(2, 'Vesícula', '2025-05-18 04:55:43', '2025-05-18 04:55:43'),
(3, 'Rodilla', '2025-05-18 04:55:43', '2025-05-18 04:55:43'),
(4, 'Cesárea', '2025-05-18 04:55:43', '2025-05-18 04:55:43'),
(5, 'Bypass gástrico', '2025-05-18 04:55:43', '2025-05-18 04:55:43'),
(6, 'Histerectomía abdominal', '2025-07-21 19:31:47', '2025-07-21 19:31:47'),
(7, 'Prostatectomía radical', '2025-07-21 19:31:47', '2025-07-21 19:31:47'),
(8, 'Nefrectomía parcial', '2025-07-21 19:31:47', '2025-07-21 19:31:47'),
(9, 'Tiroidectomía total', '2025-07-21 19:31:47', '2025-07-21 19:31:47'),
(10, 'Mastectomía radical modificada', '2025-07-21 19:31:47', '2025-07-21 19:31:47'),
(11, 'Lobectomía pulmonar', '2025-07-21 19:31:47', '2025-07-21 19:31:47'),
(12, 'Neumonectomía', '2025-07-21 19:31:47', '2025-07-21 19:31:47'),
(13, 'Esofagectomía transhiatal', '2025-07-21 19:31:47', '2025-07-21 19:31:47'),
(14, 'Gastrectomía subtotal', '2025-07-21 19:31:47', '2025-07-21 19:31:47'),
(15, 'Pancreatectomía distal', '2025-07-21 19:31:47', '2025-07-21 19:31:47'),
(16, 'Duodenopancreatectomía', '2025-07-21 19:31:47', '2025-07-21 19:31:47'),
(17, 'Colecistectomía laparoscópica', '2025-07-21 19:31:47', '2025-07-21 19:31:47'),
(18, 'Herniorrafia inguinal', '2025-07-21 19:31:47', '2025-07-21 19:31:47'),
(19, 'Hernioplastia umbilical', '2025-07-21 19:31:47', '2025-07-21 19:31:47'),
(20, 'Esplenectomía', '2025-07-21 19:31:47', '2025-07-21 19:31:47'),
(21, 'Adrenalectomía laparoscópica', '2025-07-21 19:31:47', '2025-07-21 19:31:47'),
(22, 'Hepatectomía derecha', '2025-07-21 19:31:47', '2025-07-21 19:31:47'),
(23, 'Trasplante hepático', '2025-07-21 19:31:47', '2025-07-21 19:31:47'),
(24, 'Colectomía derecha', '2025-07-21 19:31:47', '2025-07-21 19:31:47'),
(25, 'Colectomía izquierda', '2025-07-21 19:31:47', '2025-07-21 19:31:47'),
(26, 'Proctocolectomía total', '2025-07-21 19:31:47', '2025-07-21 19:31:47'),
(27, 'Resección anterior baja', '2025-07-21 19:31:47', '2025-07-21 19:31:47'),
(28, 'Amputación transfemoral', '2025-07-21 19:31:47', '2025-07-21 19:31:47'),
(29, 'Amputación transtibial', '2025-07-21 19:31:47', '2025-07-21 19:31:47'),
(30, 'Artroplastia de cadera', '2025-07-21 19:31:47', '2025-07-21 19:31:47'),
(31, 'Artroplastia de hombro', '2025-07-21 19:31:47', '2025-07-21 19:31:47'),
(32, 'Artrodesis vertebral', '2025-07-21 19:31:47', '2025-07-21 19:31:47'),
(33, 'Laminectomía lumbar', '2025-07-21 19:31:47', '2025-07-21 19:31:47'),
(34, 'Discectomía cervical', '2025-07-21 19:31:47', '2025-07-21 19:31:47'),
(35, 'Fusión espinal', '2025-07-21 19:31:47', '2025-07-21 19:31:47'),
(36, 'Craneotomía descompresiva', '2025-07-21 19:31:47', '2025-07-21 19:31:47'),
(37, 'Resección de meningioma', '2025-07-21 19:31:47', '2025-07-21 19:31:47'),
(38, 'Microdiscectomía', '2025-07-21 19:31:47', '2025-07-21 19:31:47'),
(39, 'Rizotomía selectiva', '2025-07-21 19:31:47', '2025-07-21 19:31:47'),
(40, 'Simpatectomía torácica', '2025-07-21 19:31:47', '2025-07-21 19:31:47'),
(41, 'Ventriculostomía', '2025-07-21 19:31:47', '2025-07-21 19:31:47'),
(42, 'Derivación ventrículo-peritoneal', '2025-07-21 19:31:47', '2025-07-21 19:31:47'),
(43, 'Timpanoestapediopexia', '2025-07-21 19:31:47', '2025-07-21 19:31:47'),
(44, 'Miringoplastia', '2025-07-21 19:31:47', '2025-07-21 19:31:47'),
(45, 'Estapedectomía', '2025-07-21 19:31:47', '2025-07-21 19:31:47'),
(46, 'Rinoseptoplastia', '2025-07-21 19:31:47', '2025-07-21 19:31:47'),
(47, 'Uvulopalatofaringoplastia', '2025-07-21 19:31:47', '2025-07-21 19:31:47'),
(48, 'Turbinectomía inferior', '2025-07-21 19:31:47', '2025-07-21 19:31:47'),
(49, 'Parotidectomía superficial', '2025-07-21 19:31:47', '2025-07-21 19:31:47'),
(50, 'Glosectomía parcial', '2025-07-21 19:31:47', '2025-07-21 19:31:47'),
(51, 'Laringectomía total', '2025-07-21 19:31:47', '2025-07-21 19:31:47'),
(52, 'Tiroidectomía subtotal', '2025-07-21 19:31:47', '2025-07-21 19:31:47'),
(53, 'Timoctomía', '2025-07-21 19:31:47', '2025-07-21 19:31:47'),
(54, 'Transección esofágica', '2025-07-21 19:31:47', '2025-07-21 19:31:47'),
(55, 'Funduplicatura de Nissen', '2025-07-21 19:31:47', '2025-07-21 19:31:47'),
(56, 'Gastropexia', '2025-07-21 19:31:47', '2025-07-21 19:31:47'),
(57, 'Piloroplastia', '2025-07-21 19:31:47', '2025-07-21 19:31:47'),
(58, 'Esfinterotomía endoscópica', '2025-07-21 19:31:47', '2025-07-21 19:31:47'),
(59, 'Coledocoduodenostomía', '2025-07-21 19:31:47', '2025-07-21 19:31:47'),
(60, 'Hepaticoyeyunostomía', '2025-07-21 19:31:47', '2025-07-21 19:31:47'),
(61, 'Ileostomía terminal', '2025-07-21 19:31:47', '2025-07-21 19:31:47'),
(62, 'Colostomía sigmoidea', '2025-07-21 19:31:47', '2025-07-21 19:31:47'),
(63, 'Fistulectomía anal', '2025-07-21 19:31:47', '2025-07-21 19:31:47'),
(64, 'Hemiorroidectomía', '2025-07-21 19:31:47', '2025-07-21 19:31:47'),
(65, 'Esfinteroplastia anal', '2025-07-21 19:31:47', '2025-07-21 19:31:47'),
(66, 'Nefrolitotomía percutánea', '2025-07-21 19:31:47', '2025-07-21 19:31:47'),
(67, 'Pieloplastia', '2025-07-21 19:31:47', '2025-07-21 19:31:47'),
(68, 'Ureterolitotomía', '2025-07-21 19:31:47', '2025-07-21 19:31:47'),
(69, 'Cistolitotomía', '2025-07-21 19:31:47', '2025-07-21 19:31:47'),
(70, 'Prostatectomía simple', '2025-07-21 19:31:47', '2025-07-21 19:31:47'),
(71, 'Orquiectomía radical', '2025-07-21 19:31:47', '2025-07-21 19:31:47'),
(72, 'Varicocelectomía', '2025-07-21 19:31:47', '2025-07-21 19:31:47'),
(73, 'Salpingooforectomía bilateral', '2025-07-21 19:31:47', '2025-07-21 19:31:47'),
(74, 'Miomectomía abdominal', '2025-07-21 19:31:47', '2025-07-21 19:31:47'),
(75, 'Quistectomía ovárica', '2025-07-21 19:31:47', '2025-07-21 19:31:47'),
(76, 'Traquelectomía radical', '2025-07-21 19:31:47', '2025-07-21 19:31:47'),
(77, 'Vulvectomía radical', '2025-07-21 19:31:47', '2025-07-21 19:31:47'),
(78, 'Mamoplastia reductora', '2025-07-21 19:31:47', '2025-07-21 19:31:47'),
(79, 'Mastopexia', '2025-07-21 19:31:47', '2025-07-21 19:31:47'),
(80, 'Dermolipectomía abdominal', '2025-07-21 19:31:47', '2025-07-21 19:31:47'),
(81, 'Blefaroplastia superior', '2025-07-21 19:31:47', '2025-07-21 19:31:47'),
(82, 'Rinoplastia funcional', '2025-07-21 19:31:47', '2025-07-21 19:31:47'),
(83, 'Otoplastia', '2025-07-21 19:31:47', '2025-07-21 19:31:47'),
(84, 'Liposucción abdominal', '2025-07-21 19:31:47', '2025-07-21 19:31:47'),
(85, 'Abdominoplastia', '2025-07-21 19:31:47', '2025-07-21 19:31:47'),
(86, 'Implante mamario', '2025-07-21 19:31:47', '2025-07-21 19:31:47'),
(87, 'Reducción de glándulas salivales', '2025-07-21 19:31:47', '2025-07-21 19:31:47'),
(88, 'Cirugía de Bartolino', '2025-07-21 19:31:47', '2025-07-21 19:31:47'),
(89, 'Fístula arteriovenosa', '2025-07-21 19:31:47', '2025-07-21 19:31:47'),
(90, 'By-pass aortofemoral', '2025-07-21 19:31:47', '2025-07-21 19:31:47'),
(91, 'Endarterectomía carotídea', '2025-07-21 19:31:47', '2025-07-21 19:31:47'),
(92, 'Amputación de miembro superior', '2025-07-21 19:31:47', '2025-07-21 19:31:47'),
(93, 'Tenólisis flexora', '2025-07-21 19:31:47', '2025-07-21 19:31:47'),
(94, 'Artroscopia de muñeca', '2025-07-21 19:31:47', '2025-07-21 19:31:47'),
(95, 'Osteosíntesis de húmero', '2025-07-21 19:31:47', '2025-07-21 19:31:47'),
(96, 'Fijación externa de tibia', '2025-07-21 19:31:47', '2025-07-21 19:31:47'),
(97, 'Alargamiento tendinoso', '2025-07-21 19:31:47', '2025-07-21 19:31:47'),
(98, 'Transferencia tendinosa', '2025-07-21 19:31:47', '2025-07-21 19:31:47'),
(99, 'Neurolisis del nervio mediano', '2025-07-21 19:31:47', '2025-07-21 19:31:47'),
(100, 'Injerto nervioso', '2025-07-21 19:31:47', '2025-07-21 19:31:47'),
(101, 'Queratoplastia penetrante', '2025-07-21 19:31:47', '2025-07-21 19:31:47'),
(102, 'Vitrectomía posterior', '2025-07-21 19:31:47', '2025-07-21 19:31:47'),
(103, 'Facoemulsificación', '2025-07-21 19:31:47', '2025-07-21 19:31:47'),
(104, 'Cirugía de desprendimiento de retina', '2025-07-21 19:31:47', '2025-07-21 19:31:47'),
(105, 'Dacriocistorrinostomía', '2025-07-21 19:31:47', '2025-07-21 19:31:47'),
(106, 'Exenteración orbitaria', '2025-07-21 19:31:47', '2025-07-21 19:31:47'),
(107, 'Tarsorrafia', '2025-07-21 19:31:47', '2025-07-21 19:31:47'),
(108, 'Injerto de córnea', '2025-07-21 19:31:47', '2025-07-21 19:31:47'),
(109, 'Esclerectomía profunda', '2025-07-21 19:31:47', '2025-07-21 19:31:47'),
(110, 'Trabeculectomía', '2025-07-21 19:31:47', '2025-07-21 19:31:47'),
(111, 'Cirugía de catarata congénita', '2025-07-21 19:31:47', '2025-07-21 19:31:47'),
(112, 'Retinopexia neumática', '2025-07-21 19:31:47', '2025-07-21 19:31:47'),
(113, 'Cirugía de estrabismo', '2025-07-21 19:31:47', '2025-07-21 19:31:47'),
(114, 'Enucleación ocular', '2025-07-21 19:31:47', '2025-07-21 19:31:47');

-- --------------------------------------------------------

--
-- Estructura de tabla para la tabla `nombre_prueba_diagnostica`
--

CREATE TABLE `nombre_prueba_diagnostica` (
  `id_nombre_prueba_diagnostica` int(11) NOT NULL,
  `nombre` varchar(255) DEFAULT NULL,
  `createdAt` datetime NOT NULL,
  `updatedAt` datetime NOT NULL
) ENGINE=InnoDB DEFAULT CHARSET=utf8mb4 COLLATE=utf8mb4_general_ci;

--
-- Volcado de datos para la tabla `nombre_prueba_diagnostica`
--

INSERT INTO `nombre_prueba_diagnostica` (`id_nombre_prueba_diagnostica`, `nombre`, `createdAt`, `updatedAt`) VALUES
(1, 'Análisis de sangre', '2025-05-18 04:55:43', '2025-05-18 04:55:43'),
(2, 'Radiografía', '2025-05-18 04:55:43', '2025-05-18 04:55:43'),
(3, 'Resonancia magnética', '2025-05-18 04:55:43', '2025-05-18 04:55:43'),
(4, 'Electrocardiograma', '2025-05-18 04:55:43', '2025-05-18 04:55:43'),
(5, 'Endoscopía', '2025-05-18 04:55:43', '2025-05-18 04:55:43'),
(6, 'Tomografía computarizada', '2025-07-21 19:20:45', '2025-07-21 19:20:45'),
(7, 'Ultrasonido Doppler', '2025-07-21 19:20:45', '2025-07-21 19:20:45'),
(8, 'Ecocardiograma', '2025-07-21 19:20:45', '2025-07-21 19:20:45'),
(9, 'Prueba de esfuerzo', '2025-07-21 19:20:46', '2025-07-21 19:20:46'),
(10, 'Holter de ritmo cardíaco', '2025-07-21 19:20:46', '2025-07-21 19:20:46'),
(11, 'Holter de presión arterial', '2025-07-21 19:20:46', '2025-07-21 19:20:46'),
(12, 'Electroencefalograma', '2025-07-21 19:20:46', '2025-07-21 19:20:46'),
(13, 'Electromiografía', '2025-07-21 19:20:46', '2025-07-21 19:20:46'),
(14, 'Potenciales evocados', '2025-07-21 19:20:46', '2025-07-21 19:20:46'),
(15, 'Polisomnografía', '2025-07-21 19:20:46', '2025-07-21 19:20:46'),
(16, 'Colonoscopia virtual', '2025-07-21 19:20:46', '2025-07-21 19:20:46'),
(17, 'Broncoscopia', '2025-07-21 19:20:46', '2025-07-21 19:20:46'),
(18, 'Laringoscopia', '2025-07-21 19:20:46', '2025-07-21 19:20:46'),
(19, 'Artroscopia', '2025-07-21 19:20:46', '2025-07-21 19:20:46'),
(20, 'Laparoscopia diagnóstica', '2025-07-21 19:20:46', '2025-07-21 19:20:46'),
(21, 'Cistoscopia', '2025-07-21 19:20:46', '2025-07-21 19:20:46'),
(22, 'Histeroscopia', '2025-07-21 19:20:46', '2025-07-21 19:20:46'),
(23, 'Biopsia de médula ósea', '2025-07-21 19:20:46', '2025-07-21 19:20:46'),
(24, 'Biopsia de piel', '2025-07-21 19:20:46', '2025-07-21 19:20:46'),
(25, 'Biopsia hepática', '2025-07-21 19:20:46', '2025-07-21 19:20:46'),
(26, 'Biopsia renal', '2025-07-21 19:20:46', '2025-07-21 19:20:46'),
(27, 'Punción lumbar', '2025-07-21 19:20:46', '2025-07-21 19:20:46'),
(28, 'Prueba de tuberculina', '2025-07-21 19:20:46', '2025-07-21 19:20:46'),
(29, 'Prueba de Schirmer', '2025-07-21 19:20:46', '2025-07-21 19:20:46'),
(30, 'Prueba de sudor', '2025-07-21 19:20:46', '2025-07-21 19:20:46'),
(31, 'Prueba de función pulmonar', '2025-07-21 19:20:46', '2025-07-21 19:20:46'),
(32, 'Espirometría', '2025-07-21 19:20:46', '2025-07-21 19:20:46'),
(33, 'Test de provocación bronquial', '2025-07-21 19:20:46', '2025-07-21 19:20:46'),
(34, 'Gammagrafía ósea', '2025-07-21 19:20:46', '2025-07-21 19:20:46'),
(35, 'Gammagrafía tiroidea', '2025-07-21 19:20:46', '2025-07-21 19:20:46'),
(36, 'Gammagrafía cardiaca', '2025-07-21 19:20:46', '2025-07-21 19:20:46'),
(37, 'PET-TAC', '2025-07-21 19:20:46', '2025-07-21 19:20:46'),
(38, 'Mamografía', '2025-07-21 19:20:46', '2025-07-21 19:20:46'),
(39, 'Densitometría ósea', '2025-07-21 19:20:46', '2025-07-21 19:20:46'),
(40, 'Angiografía por TC', '2025-07-21 19:20:46', '2025-07-21 19:20:46'),
(41, 'Angiografía por RM', '2025-07-21 19:20:46', '2025-07-21 19:20:46'),
(42, 'Ecografía abdominal', '2025-07-21 19:20:46', '2025-07-21 19:20:46'),
(43, 'Ecografía tiroidea', '2025-07-21 19:20:46', '2025-07-21 19:20:46'),
(44, 'Ecografía transvaginal', '2025-07-21 19:20:46', '2025-07-21 19:20:46'),
(45, 'Ecografía prostática', '2025-07-21 19:20:46', '2025-07-21 19:20:46'),
(46, 'Prueba de mesa basculante', '2025-07-21 19:20:46', '2025-07-21 19:20:46'),
(47, 'Test de apnea del sueño', '2025-07-21 19:20:46', '2025-07-21 19:20:46'),
(48, 'Prueba de estimulación con ACTH', '2025-07-21 19:20:46', '2025-07-21 19:20:46'),
(49, 'Test de tolerancia a la glucosa', '2025-07-21 19:20:46', '2025-07-21 19:20:46'),
(50, 'Prueba de Hirschberg', '2025-07-21 19:20:46', '2025-07-21 19:20:46'),
(51, 'Tonometría ocular', '2025-07-21 19:20:46', '2025-07-21 19:20:46'),
(52, 'Campimetría visual', '2025-07-21 19:20:46', '2025-07-21 19:20:46'),
(53, 'Audiometría', '2025-07-21 19:20:46', '2025-07-21 19:20:46'),
(54, 'Impedanciometría', '2025-07-21 19:20:46', '2025-07-21 19:20:46'),
(55, 'Electronistagmografía', '2025-07-21 19:20:46', '2025-07-21 19:20:46'),
(56, 'Prueba calórica', '2025-07-21 19:20:46', '2025-07-21 19:20:46'),
(57, 'Videonistagmografía', '2025-07-21 19:20:46', '2025-07-21 19:20:46'),
(58, 'Manometría esofágica', '2025-07-21 19:20:46', '2025-07-21 19:20:46'),
(59, 'Manometría anorrectal', '2025-07-21 19:20:46', '2025-07-21 19:20:46'),
(60, 'pHmetría esofágica', '2025-07-21 19:20:46', '2025-07-21 19:20:46'),
(61, 'Test de aliento con urea', '2025-07-21 19:20:46', '2025-07-21 19:20:46'),
(62, 'Test de hidrógeno espirado', '2025-07-21 19:20:46', '2025-07-21 19:20:46'),
(63, 'Prueba de estimulación con glucagón', '2025-07-21 19:20:46', '2025-07-21 19:20:46'),
(64, 'Test de inclinación pélvica', '2025-07-21 19:20:46', '2025-07-21 19:20:46'),
(65, 'Prueba de Rorschach', '2025-07-21 19:20:46', '2025-07-21 19:20:46'),
(66, 'Test de Minnesota', '2025-07-21 19:20:46', '2025-07-21 19:20:46');

-- --------------------------------------------------------

--
-- Estructura de tabla para la tabla `nombre_sintoma`
--

CREATE TABLE `nombre_sintoma` (
  `id_Nombre_Sintoma` int(11) NOT NULL,
  `nombre` varchar(255) DEFAULT NULL,
  `createdAt` datetime NOT NULL,
  `updatedAt` datetime NOT NULL
) ENGINE=InnoDB DEFAULT CHARSET=utf8mb4 COLLATE=utf8mb4_general_ci;

--
-- Volcado de datos para la tabla `nombre_sintoma`
--

INSERT INTO `nombre_sintoma` (`id_Nombre_Sintoma`, `nombre`, `createdAt`, `updatedAt`) VALUES
(1, 'Dolor Abdominal', '2025-07-05 16:34:42', '2025-07-05 16:34:42'),
(2, 'Nauseas', '2025-07-05 16:34:50', '2025-07-05 16:34:50'),
(3, 'Vomitos', '2025-07-05 16:34:54', '2025-07-05 16:34:54'),
(4, 'Diarrea', '2025-07-05 16:34:59', '2025-07-05 16:34:59'),
(5, 'Dolor en Rodilla', '2025-07-05 16:35:07', '2025-07-05 16:35:07'),
(6, 'Dificultad respiratoria', '2025-07-05 16:35:18', '2025-07-05 16:35:18'),
(7, 'Silbidos en el pecho', '2025-07-05 16:35:26', '2025-07-05 16:35:26'),
(8, 'dolor en hipocondrio derecho', '2025-07-05 16:35:36', '2025-07-05 16:35:36'),
(9, 'Cefalea', '2025-07-21 19:24:07', '2025-07-21 19:24:07'),
(10, 'Mareos', '2025-07-21 19:24:07', '2025-07-21 19:24:07'),
(11, 'Vértigo', '2025-07-21 19:24:07', '2025-07-21 19:24:07'),
(12, 'Parestesias', '2025-07-21 19:24:07', '2025-07-21 19:24:07'),
(13, 'Hipoestesia', '2025-07-21 19:24:07', '2025-07-21 19:24:07'),
(14, 'Debilidad muscular', '2025-07-21 19:24:07', '2025-07-21 19:24:07'),
(15, 'Fatiga crónica', '2025-07-21 19:24:07', '2025-07-21 19:24:07'),
(16, 'Astenia', '2025-07-21 19:24:07', '2025-07-21 19:24:07'),
(17, 'Adinamia', '2025-07-21 19:24:07', '2025-07-21 19:24:07'),
(18, 'Pérdida de peso', '2025-07-21 19:24:07', '2025-07-21 19:24:07'),
(19, 'Aumento de peso', '2025-07-21 19:24:07', '2025-07-21 19:24:07'),
(20, 'Anorexia', '2025-07-21 19:24:07', '2025-07-21 19:24:07'),
(21, 'Polifagia', '2025-07-21 19:24:07', '2025-07-21 19:24:07'),
(22, 'Polidipsia', '2025-07-21 19:24:07', '2025-07-21 19:24:07'),
(23, 'Poliuria', '2025-07-21 19:24:07', '2025-07-21 19:24:07'),
(24, 'Oliguria', '2025-07-21 19:24:07', '2025-07-21 19:24:07'),
(25, 'Disuria', '2025-07-21 19:24:07', '2025-07-21 19:24:07'),
(26, 'Hematuria', '2025-07-21 19:24:07', '2025-07-21 19:24:07'),
(27, 'Proteinuria', '2025-07-21 19:24:07', '2025-07-21 19:24:07'),
(28, 'Edema', '2025-07-21 19:24:07', '2025-07-21 19:24:07'),
(29, 'Hematomas espontáneos', '2025-07-21 19:24:07', '2025-07-21 19:24:07'),
(30, 'Petequias', '2025-07-21 19:24:07', '2025-07-21 19:24:07'),
(31, 'Equimosis', '2025-07-21 19:24:07', '2025-07-21 19:24:07'),
(32, 'Prurito', '2025-07-21 19:24:07', '2025-07-21 19:24:07'),
(33, 'Urticaria', '2025-07-21 19:24:07', '2025-07-21 19:24:07'),
(34, 'Eritema', '2025-07-21 19:24:07', '2025-07-21 19:24:07'),
(35, 'Descamación', '2025-07-21 19:24:07', '2025-07-21 19:24:07'),
(36, 'Xerosis', '2025-07-21 19:24:07', '2025-07-21 19:24:07'),
(37, 'Alopecia', '2025-07-21 19:24:07', '2025-07-21 19:24:07'),
(38, 'Hipertricosis', '2025-07-21 19:24:07', '2025-07-21 19:24:07'),
(39, 'Hirsutismo', '2025-07-21 19:24:07', '2025-07-21 19:24:07'),
(40, 'Onicodistrofia', '2025-07-21 19:24:07', '2025-07-21 19:24:07'),
(41, 'Leuconiquia', '2025-07-21 19:24:07', '2025-07-21 19:24:07'),
(42, 'Fotofobia', '2025-07-21 19:24:07', '2025-07-21 19:24:07'),
(43, 'Diplopía', '2025-07-21 19:24:07', '2025-07-21 19:24:07'),
(44, 'Ojo rojo', '2025-07-21 19:24:07', '2025-07-21 19:24:07'),
(45, 'Epífora', '2025-07-21 19:24:07', '2025-07-21 19:24:07'),
(46, 'Xeroftalmia', '2025-07-21 19:24:07', '2025-07-21 19:24:07'),
(47, 'Acúfenos', '2025-07-21 19:24:07', '2025-07-21 19:24:07'),
(48, 'Hipoacusia', '2025-07-21 19:24:07', '2025-07-21 19:24:07'),
(49, 'Otalgia', '2025-07-21 19:24:07', '2025-07-21 19:24:07'),
(50, 'Otorrea', '2025-07-21 19:24:07', '2025-07-21 19:24:07'),
(51, 'Epistaxis', '2025-07-21 19:24:07', '2025-07-21 19:24:07'),
(52, 'Rinorrea', '2025-07-21 19:24:07', '2025-07-21 19:24:07'),
(53, 'Congestión nasal', '2025-07-21 19:24:07', '2025-07-21 19:24:07'),
(54, 'Ageusia', '2025-07-21 19:24:07', '2025-07-21 19:24:07'),
(55, 'Hipoageusia', '2025-07-21 19:24:07', '2025-07-21 19:24:07'),
(56, 'Anosmia', '2025-07-21 19:24:07', '2025-07-21 19:24:07'),
(57, 'Hipoosmia', '2025-07-21 19:24:07', '2025-07-21 19:24:07'),
(58, 'Disfagia', '2025-07-21 19:24:07', '2025-07-21 19:24:07'),
(59, 'Odynofagia', '2025-07-21 19:24:07', '2025-07-21 19:24:07'),
(60, 'Glosodinia', '2025-07-21 19:24:07', '2025-07-21 19:24:07'),
(61, 'Xerostomía', '2025-07-21 19:24:07', '2025-07-21 19:24:07'),
(62, 'Sialorrea', '2025-07-21 19:24:07', '2025-07-21 19:24:07'),
(63, 'Halitosis', '2025-07-21 19:24:07', '2025-07-21 19:24:07'),
(64, 'Tinnitus', '2025-07-21 19:24:07', '2025-07-21 19:24:07'),
(65, 'Disfonía', '2025-07-21 19:24:07', '2025-07-21 19:24:07'),
(66, 'Afonía', '2025-07-21 19:24:07', '2025-07-21 19:24:07'),
(67, 'Estridor', '2025-07-21 19:24:07', '2025-07-21 19:24:07'),
(68, 'Tos productiva', '2025-07-21 19:24:07', '2025-07-21 19:24:07'),
(69, 'Tos seca', '2025-07-21 19:24:07', '2025-07-21 19:24:07'),
(70, 'Hemoptisis', '2025-07-21 19:24:07', '2025-07-21 19:24:07'),
(71, 'Dolor torácico', '2025-07-21 19:24:07', '2025-07-21 19:24:07'),
(72, 'Palpitaciones', '2025-07-21 19:24:07', '2025-07-21 19:24:07'),
(73, 'Soplo cardíaco', '2025-07-21 19:24:07', '2025-07-21 19:24:07'),
(74, 'Arritmia', '2025-07-21 19:24:07', '2025-07-21 19:24:07'),
(75, 'Hipotensión ortostática', '2025-07-21 19:24:07', '2025-07-21 19:24:07'),
(76, 'Hipertensión arterial', '2025-07-21 19:24:07', '2025-07-21 19:24:07'),
(77, 'Síncope', '2025-07-21 19:24:07', '2025-07-21 19:24:07'),
(78, 'Presíncope', '2025-07-21 19:24:07', '2025-07-21 19:24:07'),
(79, 'Claudicación intermitente', '2025-07-21 19:24:07', '2025-07-21 19:24:07'),
(80, 'Edema periférico', '2025-07-21 19:24:07', '2025-07-21 19:24:07'),
(81, 'Varices', '2025-07-21 19:24:07', '2025-07-21 19:24:07'),
(82, 'Tromboflebitis', '2025-07-21 19:24:07', '2025-07-21 19:24:07'),
(83, 'Linfedema', '2025-07-21 19:24:07', '2025-07-21 19:24:07'),
(84, 'Artralgias migratorias', '2025-07-21 19:24:07', '2025-07-21 19:24:07'),
(85, 'Rigidez articular', '2025-07-21 19:24:07', '2025-07-21 19:24:07'),
(86, 'Limitación funcional', '2025-07-21 19:24:07', '2025-07-21 19:24:07'),
(87, 'Crepitación articular', '2025-07-21 19:24:07', '2025-07-21 19:24:07'),
(88, 'Mialgias', '2025-07-21 19:24:07', '2025-07-21 19:24:07'),
(89, 'Calambres musculares', '2025-07-21 19:24:07', '2025-07-21 19:24:07'),
(90, 'Fasciculaciones', '2025-07-21 19:24:07', '2025-07-21 19:24:07'),
(91, 'Atrofia muscular', '2025-07-21 19:24:07', '2025-07-21 19:24:07'),
(92, 'Hipertrofia muscular', '2025-07-21 19:24:07', '2025-07-21 19:24:07'),
(93, 'Temblor', '2025-07-21 19:24:07', '2025-07-21 19:24:07'),
(94, 'Corea', '2025-07-21 19:24:07', '2025-07-21 19:24:07'),
(95, 'Asterixis', '2025-07-21 19:24:07', '2025-07-21 19:24:07'),
(96, 'Distonía', '2025-07-21 19:24:07', '2025-07-21 19:24:07'),
(97, 'Ataxia', '2025-07-21 19:24:07', '2025-07-21 19:24:07'),
(98, 'Disartria', '2025-07-21 19:24:07', '2025-07-21 19:24:07'),
(99, 'Afasia', '2025-07-21 19:24:07', '2025-07-21 19:24:07'),
(100, 'Apraxia', '2025-07-21 19:24:07', '2025-07-21 19:24:07'),
(101, 'Agnosia', '2025-07-21 19:24:07', '2025-07-21 19:24:07'),
(102, 'Amnesia', '2025-07-21 19:24:07', '2025-07-21 19:24:07'),
(103, 'Confusión', '2025-07-21 19:24:07', '2025-07-21 19:24:07'),
(104, 'Desorientación', '2025-07-21 19:24:07', '2025-07-21 19:24:07'),
(105, 'Delirio', '2025-07-21 19:24:07', '2025-07-21 19:24:07'),
(106, 'Alucinaciones', '2025-07-21 19:24:07', '2025-07-21 19:24:07'),
(107, 'Ideación suicida', '2025-07-21 19:24:07', '2025-07-21 19:24:07'),
(108, 'Apatía', '2025-07-21 19:24:07', '2025-07-21 19:24:07'),
(109, 'Anhedonia', '2025-07-21 19:24:07', '2025-07-21 19:24:07'),
(110, 'Insomnio', '2025-07-21 19:24:07', '2025-07-21 19:24:07'),
(111, 'Hipersomnia', '2025-07-21 19:24:07', '2025-07-21 19:24:07'),
(112, 'Pesadillas', '2025-07-21 19:24:07', '2025-07-21 19:24:07'),
(113, 'Terrores nocturnos', '2025-07-21 19:24:07', '2025-07-21 19:24:07'),
(114, 'Sonambulismo', '2025-07-21 19:24:07', '2025-07-21 19:24:07'),
(115, 'Bruxismo', '2025-07-21 19:24:07', '2025-07-21 19:24:07');

-- --------------------------------------------------------

--
-- Estructura de tabla para la tabla `pacientes`
--

CREATE TABLE `pacientes` (
  `id_Paciente` int(11) NOT NULL,
  `nombre` varchar(255) NOT NULL,
  `apellido` varchar(255) NOT NULL,
  `dni` int(11) DEFAULT NULL,
  `fecha_nac` datetime NOT NULL,
  `edad` int(11) NOT NULL,
  `peso` double DEFAULT NULL,
  `genero` varchar(255) NOT NULL,
  `telefono` bigint(20) DEFAULT NULL,
  `telefono_De_Emergencia` bigint(20) DEFAULT NULL,
  `direccion` varchar(255) NOT NULL,
  `id_tipo_sanguineo` int(11) DEFAULT NULL,
  `id_seguro_medico` int(11) DEFAULT NULL,
  `createdAt` datetime NOT NULL,
  `updatedAt` datetime NOT NULL
) ENGINE=InnoDB DEFAULT CHARSET=utf8mb4 COLLATE=utf8mb4_general_ci;

--
-- Volcado de datos para la tabla `pacientes`
--

INSERT INTO `pacientes` (`id_Paciente`, `nombre`, `apellido`, `dni`, `fecha_nac`, `edad`, `peso`, `genero`, `telefono`, `telefono_De_Emergencia`, `direccion`, `id_tipo_sanguineo`, `id_seguro_medico`, `createdAt`, `updatedAt`) VALUES
(1, 'Roberto', 'García', 20123456, '1980-02-15 00:00:00', 43, 78.5, 'Masculino', 1156789012, 1198765432, 'Calle 123 456', 1, 1, '2025-05-18 04:56:45', '2025-05-18 04:56:45'),
(2, 'Lucía', 'Fernández', 28987654, '1995-07-22 00:00:00', 28, 62, 'Femenino', 1167890123, 1198765433, 'Av. Rivadavia 2048', 3, 2, '2025-05-18 04:56:45', '2025-05-18 04:56:45'),
(3, 'Pedro ', 'Sánchez', 18765432, '1972-12-01 00:00:00', 52, 85.3, 'Masculino', 2664953311, 123123123, 'av siempreviva 741', 5, 3, '2025-05-18 04:56:45', '2025-07-01 00:06:05'),
(4, 'Sofía', 'López', 32123456, '2005-05-10 00:00:00', 18, 55.7, 'Femenino', 1189012345, 1198765435, 'Av. Santa Fe 1234', 7, 4, '2025-05-18 04:56:45', '2025-05-18 04:56:45'),
(5, 'Miguel', 'Díaz', 23456789, '1990-09-18 00:00:00', 33, 70.2, 'Masculino', 1190123456, 1198765436, 'Calle Corrientes 567', 2, 5, '2025-05-18 04:56:45', '2025-05-18 04:56:45'),
(6, 'John', 'doe', NULL, '2025-06-24 22:41:47', 30, NULL, 'Masculino', NULL, NULL, 'av SiempreViva', NULL, NULL, '2025-06-24 22:41:47', '2025-06-24 22:41:47'),
(7, 'Mateo ', 'Lopez', 4433221, '2003-07-05 00:00:00', 22, NULL, 'Masculino', 2665031750, 2665031751, 'av SiempreViva', 8, 6, '2025-07-21 23:12:29', '2025-07-21 23:22:34');

-- --------------------------------------------------------

--
-- Estructura de tabla para la tabla `paciente_alergias`
--

CREATE TABLE `paciente_alergias` (
  `id_Alergia` int(11) NOT NULL,
  `id_nombre_alergia` int(11) DEFAULT NULL,
  `descripcion` varchar(255) NOT NULL,
  `id_paciente` int(11) DEFAULT NULL,
  `id_tratamiento` int(11) DEFAULT NULL,
  `createdAt` datetime NOT NULL,
  `updatedAt` datetime NOT NULL
) ENGINE=InnoDB DEFAULT CHARSET=utf8mb4 COLLATE=utf8mb4_general_ci;

--
-- Volcado de datos para la tabla `paciente_alergias`
--

INSERT INTO `paciente_alergias` (`id_Alergia`, `id_nombre_alergia`, `descripcion`, `id_paciente`, `id_tratamiento`, `createdAt`, `updatedAt`) VALUES
(16, 2, 'ddddddddddddddddddddd', 4, 31, '2025-07-11 02:28:06', '2025-07-11 02:28:15');

-- --------------------------------------------------------

--
-- Estructura de tabla para la tabla `paciente_antecedentes_familiares`
--

CREATE TABLE `paciente_antecedentes_familiares` (
  `id_Antecedente_Familiar` int(11) NOT NULL,
  `nombre_Enfermedad` varchar(255) NOT NULL,
  `detalles` varchar(255) NOT NULL,
  `id_Paciente` int(11) DEFAULT NULL,
  `createdAt` datetime NOT NULL,
  `updatedAt` datetime NOT NULL,
  `id_Lazo_Familiar` int(11) DEFAULT NULL
) ENGINE=InnoDB DEFAULT CHARSET=utf8mb4 COLLATE=utf8mb4_general_ci;

--
-- Volcado de datos para la tabla `paciente_antecedentes_familiares`
--

INSERT INTO `paciente_antecedentes_familiares` (`id_Antecedente_Familiar`, `nombre_Enfermedad`, `detalles`, `id_Paciente`, `createdAt`, `updatedAt`, `id_Lazo_Familiar`) VALUES
(1, 'Diabetes', 'Padre con diabetes tipo 2', 1, '2025-05-18 04:56:45', '2025-05-18 04:56:45', 1),
(2, 'Hipertensión', 'Madre con hipertensión arterial', 2, '2025-05-18 04:56:45', '2025-05-18 04:56:45', 2),
(4, 'Asma', 'Hermano con asma bronquial', 4, '2025-05-18 04:56:45', '2025-05-18 04:56:45', 4),
(5, 'Enfermedad cardíaca', 'Padre con infarto a los 50 años', 5, '2025-05-18 04:56:45', '2025-05-18 04:56:45', 1),
(10, 'Cancer de pulmon', 'dasdasdasda', 3, '2025-07-06 00:46:11', '2025-07-06 00:46:33', 1),
(11, 'Cancer de pulmon', 'asdasdasdasdasdasd', 3, '2025-07-06 01:04:55', '2025-07-06 01:04:55', 2),
(13, 'Cancer de pulmon', 'cacasdsdasdasdsad', 7, '2025-07-21 23:48:02', '2025-07-21 23:48:02', 12),
(14, 'Cancer de pulmon', 'asdasdsadasd', 7, '2025-07-21 23:48:08', '2025-07-21 23:48:08', 20);

-- --------------------------------------------------------

--
-- Estructura de tabla para la tabla `paciente_cirugias`
--

CREATE TABLE `paciente_cirugias` (
  `id_cirugia` int(11) NOT NULL,
  `fecha` date NOT NULL,
  `id_nombre_cirugia` int(11) DEFAULT NULL,
  `descripcion` varchar(255) NOT NULL,
  `id_medico` int(11) DEFAULT NULL,
  `id_paciente` int(11) DEFAULT NULL,
  `createdAt` datetime NOT NULL,
  `updatedAt` datetime NOT NULL,
  `id_Admision` int(11) DEFAULT NULL
) ENGINE=InnoDB DEFAULT CHARSET=utf8mb4 COLLATE=utf8mb4_general_ci;

--
-- Volcado de datos para la tabla `paciente_cirugias`
--

INSERT INTO `paciente_cirugias` (`id_cirugia`, `fecha`, `id_nombre_cirugia`, `descripcion`, `id_medico`, `id_paciente`, `createdAt`, `updatedAt`, `id_Admision`) VALUES
(9, '2025-07-05', 1, 'Mofun casi pierde el apendice', 1, 3, '2025-07-05 18:34:26', '2025-07-05 18:34:26', 3),
(10, '2025-07-21', 1, 'dddddddddddddddddddd', 2, 7, '2025-07-21 23:48:18', '2025-07-21 23:48:23', 21),
(11, '2025-07-21', 3, 'aaaaaaaaaaaaaaaaaaaaaa', 1, 7, '2025-07-21 23:48:36', '2025-07-21 23:48:36', 21),
(12, '2025-07-21', 8, 'ddddddddddddddsssss', 2, 7, '2025-07-21 23:48:44', '2025-07-21 23:48:44', 21);

-- --------------------------------------------------------

--
-- Estructura de tabla para la tabla `paciente_diagnosticos`
--

CREATE TABLE `paciente_diagnosticos` (
  `id_Paciente_Diagnosticos` int(11) NOT NULL,
  `fecha` date DEFAULT NULL,
  `id_tipo_de_diagnostico` int(11) DEFAULT NULL,
  `detalles` varchar(255) NOT NULL,
  `id_medico` int(11) DEFAULT NULL,
  `id_paciente` int(11) DEFAULT NULL,
  `updatedAt` datetime NOT NULL,
  `id_Admision` int(11) DEFAULT NULL
) ENGINE=InnoDB DEFAULT CHARSET=utf8mb4 COLLATE=utf8mb4_general_ci;

--
-- Volcado de datos para la tabla `paciente_diagnosticos`
--

INSERT INTO `paciente_diagnosticos` (`id_Paciente_Diagnosticos`, `fecha`, `id_tipo_de_diagnostico`, `detalles`, `id_medico`, `id_paciente`, `updatedAt`, `id_Admision`) VALUES
(1, '2023-05-18', 2, 'Apendicitis aguda resuelta con cirugía', 1, 1, '2025-05-18 04:57:09', 1),
(2, '2023-05-18', 1, 'Gastroenteritis aguda', 2, 2, '2025-05-18 04:57:09', 2),
(3, '2023-05-18', 2, 'Artrosis de rodilla derecha', 1, 3, '2025-05-18 04:57:09', 3),
(4, '2023-05-18', 1, 'Asma bronquial', 2, 4, '2025-05-18 04:57:09', 4),
(5, '2023-05-18', 2, 'Colecistitis crónica', 1, 5, '2025-05-18 04:57:09', 5),
(11, '2025-07-11', 4, 'asdddddddddddddddddddddd', 1, 3, '2025-07-11 20:31:15', 17),
(12, '2025-07-21', 1, 'ffffffffffffffffffffffffffffff', 2, 2, '2025-07-21 21:24:30', 20),
(13, '2025-07-21', 3, 'diagnostico presuntivo a modo estudio', 2, 7, '2025-07-21 23:54:27', 21),
(15, '2025-07-22', 3, 'ssssssssssssssssssssssssssss', 1, 7, '2025-07-22 00:16:22', 22);

-- --------------------------------------------------------

--
-- Estructura de tabla para la tabla `paciente_evaluacion_fisica`
--

CREATE TABLE `paciente_evaluacion_fisica` (
  `id_Evaluacion_fisica` int(11) NOT NULL,
  `fecha` date DEFAULT NULL,
  `frecuencia_cardiaca` int(11) NOT NULL,
  `color_de_piel` varchar(255) DEFAULT NULL,
  `respuesta_a_estimulos` varchar(255) DEFAULT NULL,
  `updatedAt` datetime NOT NULL,
  `id_Admision` int(11) DEFAULT NULL,
  `id_Paciente` int(11) DEFAULT NULL,
  `id_Enfermero` int(11) DEFAULT NULL,
  `presion_arterial_sistolica` int(11) NOT NULL,
  `presion_arterial_diastolica` int(11) NOT NULL
) ENGINE=InnoDB DEFAULT CHARSET=utf8mb4 COLLATE=utf8mb4_general_ci;

--
-- Volcado de datos para la tabla `paciente_evaluacion_fisica`
--

INSERT INTO `paciente_evaluacion_fisica` (`id_Evaluacion_fisica`, `fecha`, `frecuencia_cardiaca`, `color_de_piel`, `respuesta_a_estimulos`, `updatedAt`, `id_Admision`, `id_Paciente`, `id_Enfermero`, `presion_arterial_sistolica`, `presion_arterial_diastolica`) VALUES
(9, '2025-07-04', 160, 'marron', 'Excelente', '2025-07-04 21:50:13', 4, 4, 1, 120, 55),
(10, '2025-07-05', 200, 'marron', 'Excelente excepto cuando juega al TFT', '2025-07-05 18:35:06', 3, 3, 1, 180, 110),
(12, '2025-07-21', 120, 'marron', 'Excelente success', '2025-07-21 23:49:13', 21, 7, 1, 120, 80);

-- --------------------------------------------------------

--
-- Estructura de tabla para la tabla `paciente_medicacion_actual`
--

CREATE TABLE `paciente_medicacion_actual` (
  `id_Paciente_Medicacion_Actual` int(11) NOT NULL,
  `id_Medicamento` int(11) DEFAULT NULL,
  `id_Admision` int(11) DEFAULT NULL,
  `createdAt` datetime NOT NULL,
  `updatedAt` datetime NOT NULL,
  `id_Paciente` int(11) DEFAULT NULL,
  `motivo` varchar(255) NOT NULL
) ENGINE=InnoDB DEFAULT CHARSET=utf8mb4 COLLATE=utf8mb4_general_ci;

--
-- Volcado de datos para la tabla `paciente_medicacion_actual`
--

INSERT INTO `paciente_medicacion_actual` (`id_Paciente_Medicacion_Actual`, `id_Medicamento`, `id_Admision`, `createdAt`, `updatedAt`, `id_Paciente`, `motivo`) VALUES
(3, 2, 3, '2025-07-03 00:57:49', '2025-07-06 00:45:42', 3, 'dolor de cabeza'),
(5, 3, 3, '2025-07-03 23:22:53', '2025-07-03 23:22:53', 3, 'dolor de cabeza'),
(7, 1, 21, '2025-07-21 23:47:00', '2025-07-21 23:47:00', 7, 'dddddddddddddddddddddddddddddd'),
(8, 2, 21, '2025-07-21 23:47:09', '2025-07-21 23:47:09', 7, 'dddddddddddddddddddddddddddd');

-- --------------------------------------------------------

--
-- Estructura de tabla para la tabla `paciente_pruebas_diagnosticas`
--

CREATE TABLE `paciente_pruebas_diagnosticas` (
  `id_Prueba_Diagnostica` int(11) NOT NULL,
  `id_nombre_prueba_diagnostica` int(11) DEFAULT NULL,
  `resultado` varchar(255) NOT NULL,
  `id_diagnostico` int(11) DEFAULT NULL,
  `id_paciente` int(11) DEFAULT NULL,
  `createdAt` datetime NOT NULL,
  `updatedAt` datetime NOT NULL
) ENGINE=InnoDB DEFAULT CHARSET=utf8mb4 COLLATE=utf8mb4_general_ci;

--
-- Volcado de datos para la tabla `paciente_pruebas_diagnosticas`
--

INSERT INTO `paciente_pruebas_diagnosticas` (`id_Prueba_Diagnostica`, `id_nombre_prueba_diagnostica`, `resultado`, `id_diagnostico`, `id_paciente`, `createdAt`, `updatedAt`) VALUES
(1, 1, 'Leucocitosis con neutrofilia', 1, 1, '2025-05-18 04:57:09', '2025-05-18 04:57:09'),
(2, 2, 'Distensión de asas intestinales', 2, 2, '2025-05-18 04:57:09', '2025-05-18 04:57:09'),
(3, 3, 'Desgaste articular grado II', 3, 3, '2025-05-18 04:57:09', '2025-05-18 04:57:09'),
(4, 4, 'Espirometría con patrón obstructivo', 4, 4, '2025-05-18 04:57:09', '2025-05-18 04:57:09'),
(5, 5, 'Cálculos en vesícula biliar', 5, 5, '2025-05-18 04:57:09', '2025-05-18 04:57:09'),
(9, 2, 'aaaaaaaaaaaaaaaaaaaaaaaaaaaaa', 11, 3, '2025-07-11 20:33:56', '2025-07-11 20:34:02'),
(10, 1, 'ddddddddddddddddddddddddd', 12, 2, '2025-07-21 21:24:36', '2025-07-21 21:24:36'),
(12, 1, 'ddddddddddddddss dasdas', 13, 7, '2025-07-21 23:52:57', '2025-07-21 23:53:27'),
(13, 11, 'aaaaaaaaaaaaaaaaaaaaaaa', 13, 7, '2025-07-21 23:53:39', '2025-07-21 23:53:39'),
(14, 15, 'ddddddddddddddddddddddddd', 13, 7, '2025-07-21 23:53:46', '2025-07-21 23:53:46'),
(15, 1, 'sssssssssssssssssssssss', 15, 7, '2025-07-22 00:16:48', '2025-07-22 00:16:48');

-- --------------------------------------------------------

--
-- Estructura de tabla para la tabla `paciente_recetas`
--

CREATE TABLE `paciente_recetas` (
  `id_Receta` int(11) NOT NULL,
  `fecha` datetime DEFAULT NULL,
  `id_paciente` int(11) DEFAULT NULL,
  `id_medico` int(11) DEFAULT NULL,
  `updatedAt` datetime NOT NULL,
  `id_admision` int(11) DEFAULT NULL
) ENGINE=InnoDB DEFAULT CHARSET=utf8mb4 COLLATE=utf8mb4_general_ci;

--
-- Volcado de datos para la tabla `paciente_recetas`
--

INSERT INTO `paciente_recetas` (`id_Receta`, `fecha`, `id_paciente`, `id_medico`, `updatedAt`, `id_admision`) VALUES
(1, '2023-05-18 10:15:00', 1, 1, '2025-05-18 05:00:59', 1),
(2, '2023-05-18 10:45:00', 2, 2, '2025-05-18 05:00:59', 2),
(3, '2023-05-18 11:15:00', 3, 1, '2025-05-18 05:00:59', 3),
(4, '2023-05-18 11:45:00', 4, 2, '2025-05-18 05:00:59', 4),
(5, '2023-05-18 12:15:00', 5, 1, '2025-05-18 05:00:59', 5),
(12, '2025-07-11 00:00:00', 4, 1, '2025-07-11 09:14:24', 4),
(13, '2025-07-21 00:00:00', 7, 2, '2025-07-21 23:56:42', 21),
(14, '2025-07-22 00:00:00', 7, 1, '2025-07-22 00:07:23', 21);

-- --------------------------------------------------------

--
-- Estructura de tabla para la tabla `paciente_seguro_medico`
--

CREATE TABLE `paciente_seguro_medico` (
  `id_seguro_medico` int(11) NOT NULL,
  `id_mutual` int(11) DEFAULT NULL,
  `numero` int(11) NOT NULL,
  `estado` tinyint(1) DEFAULT 1,
  `id_categoria_seguro` int(11) DEFAULT NULL,
  `createdAt` datetime NOT NULL,
  `updatedAt` datetime NOT NULL
) ENGINE=InnoDB DEFAULT CHARSET=utf8mb4 COLLATE=utf8mb4_general_ci;

--
-- Volcado de datos para la tabla `paciente_seguro_medico`
--

INSERT INTO `paciente_seguro_medico` (`id_seguro_medico`, `id_mutual`, `numero`, `estado`, `id_categoria_seguro`, `createdAt`, `updatedAt`) VALUES
(1, 1, 123456, 1, 1, '2025-05-18 04:56:06', '2025-05-18 04:56:06'),
(2, 2, 654321, 1, 2, '2025-05-18 04:56:06', '2025-05-18 04:56:06'),
(3, 3, 987654, 1, 3, '2025-05-18 04:56:06', '2025-05-18 04:56:06'),
(4, 4, 456789, 1, 4, '2025-05-18 04:56:06', '2025-05-18 04:56:06'),
(5, 5, 789123, 1, 1, '2025-05-18 04:56:06', '2025-05-18 04:56:06'),
(6, 1, 2211, 1, 1, '2025-07-21 23:13:19', '2025-07-21 23:13:19');

-- --------------------------------------------------------

--
-- Estructura de tabla para la tabla `paciente_tratamientos`
--

CREATE TABLE `paciente_tratamientos` (
  `id_tratamiento` int(11) NOT NULL,
  `id_tipo_de_tratamiento` int(11) DEFAULT NULL,
  `detalle` varchar(255) NOT NULL,
  `cantidad_suministrada` double DEFAULT NULL,
  `fecha_de_inicio` datetime DEFAULT NULL,
  `fecha_de_fin` datetime DEFAULT NULL,
  `id_paciente` int(11) DEFAULT NULL,
  `id_medicamento` int(11) DEFAULT NULL,
  `id_enfermero` int(11) DEFAULT NULL,
  `updatedAt` datetime NOT NULL,
  `id_medico` int(11) DEFAULT NULL,
  `id_Paciente_Diagnosticos` int(11) DEFAULT NULL,
  `id_admision` int(11) DEFAULT NULL
) ENGINE=InnoDB DEFAULT CHARSET=utf8mb4 COLLATE=utf8mb4_general_ci;

--
-- Volcado de datos para la tabla `paciente_tratamientos`
--

INSERT INTO `paciente_tratamientos` (`id_tratamiento`, `id_tipo_de_tratamiento`, `detalle`, `cantidad_suministrada`, `fecha_de_inicio`, `fecha_de_fin`, `id_paciente`, `id_medicamento`, `id_enfermero`, `updatedAt`, `id_medico`, `id_Paciente_Diagnosticos`, `id_admision`) VALUES
(22, 1, 'tttttttttttttttttttttttttttttwwwwwwwwwwwwwwwwww', 100, '2025-07-09 06:12:35', NULL, 3, 5, 1, '2025-07-09 06:12:35', NULL, NULL, 16),
(31, 1, 'zzzzzzzzzzzzzzzzzzzzzzzzzzzzzzzzzzzzz', 50, NULL, NULL, 4, 1, 1, '2025-07-11 02:45:28', NULL, NULL, 4),
(40, 1, 'aaaddddddddddddddddddd', 2, '2025-07-21 23:43:11', NULL, 7, 1, 1, '2025-07-21 23:43:11', NULL, NULL, 21),
(42, 2, 'ffffffffffffffffffffffffffdsdddsd', 1, NULL, NULL, 7, 19, 1, '2025-07-21 23:59:31', NULL, NULL, 21),
(43, 3, 'asdasdasdssssssssssssss', 10, NULL, NULL, 7, 18, NULL, '2025-07-22 00:05:37', 2, NULL, 21),
(44, 6, 'ddddddddddddddddddddddddddddddds', 1, '2025-07-21 23:56:08', NULL, 7, 58, NULL, '2025-07-21 23:56:08', 2, NULL, 21),
(46, 1, 'esta es la que colocamos recien', 80, '2025-07-22 00:16:37', NULL, 7, 2, NULL, '2025-07-22 00:16:37', 1, 15, 22);

-- --------------------------------------------------------

--
-- Estructura de tabla para la tabla `personal_de_admision`
--

CREATE TABLE `personal_de_admision` (
  `id_personal_de_admision` int(11) NOT NULL,
  `nombre` varchar(255) NOT NULL,
  `apellido` varchar(255) NOT NULL,
  `dni` int(11) NOT NULL,
  `fecha_nac` datetime NOT NULL,
  `edad` int(11) NOT NULL,
  `genero` varchar(255) NOT NULL,
  `telefono` int(11) DEFAULT NULL,
  `telefono_De_Emergencia` int(11) DEFAULT NULL,
  `direccion` varchar(255) NOT NULL,
  `id_usuario` int(11) DEFAULT NULL,
  `createdAt` datetime NOT NULL,
  `updatedAt` datetime NOT NULL
) ENGINE=InnoDB DEFAULT CHARSET=utf8mb4 COLLATE=utf8mb4_general_ci;

--
-- Volcado de datos para la tabla `personal_de_admision`
--

INSERT INTO `personal_de_admision` (`id_personal_de_admision`, `nombre`, `apellido`, `dni`, `fecha_nac`, `edad`, `genero`, `telefono`, `telefono_De_Emergencia`, `direccion`, `id_usuario`, `createdAt`, `updatedAt`) VALUES
(1, 'Laura', 'Rodríguez', 29012345, '1990-07-18 00:00:00', 33, 'Femenino', 1189012345, 1198765436, 'Av. Corrientes 1234', 5, '2025-05-18 04:56:22', '2025-05-18 04:56:22');

-- --------------------------------------------------------

--
-- Estructura de tabla para la tabla `prioridad_de_atencion`
--

CREATE TABLE `prioridad_de_atencion` (
  `id_prioridad_de_atencion` int(11) NOT NULL,
  `prioridad` varchar(255) NOT NULL,
  `createdAt` datetime NOT NULL,
  `updatedAt` datetime NOT NULL
) ENGINE=InnoDB DEFAULT CHARSET=utf8mb4 COLLATE=utf8mb4_general_ci;

--
-- Volcado de datos para la tabla `prioridad_de_atencion`
--

INSERT INTO `prioridad_de_atencion` (`id_prioridad_de_atencion`, `prioridad`, `createdAt`, `updatedAt`) VALUES
(1, 'Crítica', '2025-05-18 04:55:43', '2025-05-18 04:55:43'),
(2, 'Urgente', '2025-05-18 04:55:43', '2025-05-18 04:55:43'),
(3, 'Estable', '2025-05-18 04:55:43', '2025-05-18 04:55:43'),
(4, 'Rutinaria', '2025-05-18 04:55:43', '2025-05-18 04:55:43');

-- --------------------------------------------------------

--
-- Estructura de tabla para la tabla `recetas_medicamentos`
--

CREATE TABLE `recetas_medicamentos` (
  `id_Recetas_Medicamentos` int(11) NOT NULL,
  `id_Receta` int(11) DEFAULT NULL,
  `id_Medicamento` int(11) DEFAULT NULL,
  `indicacion` varchar(255) DEFAULT NULL,
  `createdAt` datetime NOT NULL,
  `updatedAt` datetime NOT NULL
) ENGINE=InnoDB DEFAULT CHARSET=utf8mb4 COLLATE=utf8mb4_general_ci;

--
-- Volcado de datos para la tabla `recetas_medicamentos`
--

INSERT INTO `recetas_medicamentos` (`id_Recetas_Medicamentos`, `id_Receta`, `id_Medicamento`, `indicacion`, `createdAt`, `updatedAt`) VALUES
(6, 4, 1, 'sdsdadsadsdasdasdsad', '2025-07-11 08:38:57', '2025-07-11 08:38:57'),
(7, 12, 3, 'dasdasdasdasdasasdasdasd', '2025-07-11 09:14:34', '2025-07-11 09:16:22'),
(8, 13, 2, 'dddddddddddddddddddddddddd', '2025-07-21 23:56:48', '2025-07-21 23:56:48'),
(9, 13, 5, 'aaaaaaaaaaaaaaaaaaaaaaass', '2025-07-21 23:56:53', '2025-07-21 23:56:53'),
(10, 13, 13, 'ddddddddddddddddddddddddddss', '2025-07-21 23:57:07', '2025-07-21 23:57:07'),
(11, 14, 1, 'ddddddddddddddddddddd', '2025-07-22 00:07:29', '2025-07-22 00:07:29'),
(12, 14, 9, 'aaaaaaaaaaaaaaaaaaaaa', '2025-07-22 00:07:33', '2025-07-22 00:07:33');

-- --------------------------------------------------------

--
-- Estructura de tabla para la tabla `roles`
--

CREATE TABLE `roles` (
  `id_Rol` int(11) NOT NULL,
  `nombre` varchar(255) NOT NULL,
  `createdAt` datetime NOT NULL,
  `updatedAt` datetime NOT NULL
) ENGINE=InnoDB DEFAULT CHARSET=utf8mb4 COLLATE=utf8mb4_general_ci;

--
-- Volcado de datos para la tabla `roles`
--

INSERT INTO `roles` (`id_Rol`, `nombre`, `createdAt`, `updatedAt`) VALUES
(1, 'Administrador', '2025-05-18 04:55:43', '2025-05-18 04:55:43'),
(2, 'Medico', '2025-05-18 04:55:43', '2025-05-18 04:55:43'),
(3, 'Enfermero', '2025-05-18 04:55:43', '2025-05-18 04:55:43'),
(4, 'Admision', '2025-05-18 04:55:43', '2025-05-18 04:55:43');

-- --------------------------------------------------------

--
-- Estructura de tabla para la tabla `sintomas`
--

CREATE TABLE `sintomas` (
  `id_Sintoma` int(11) NOT NULL,
  `id_Admision` int(11) DEFAULT NULL,
  `createdAt` datetime NOT NULL,
  `updatedAt` datetime NOT NULL,
  `id_Nombre_Sintoma` int(11) DEFAULT NULL
) ENGINE=InnoDB DEFAULT CHARSET=utf8mb4 COLLATE=utf8mb4_general_ci;

--
-- Volcado de datos para la tabla `sintomas`
--

INSERT INTO `sintomas` (`id_Sintoma`, `id_Admision`, `createdAt`, `updatedAt`, `id_Nombre_Sintoma`) VALUES
(1, 1, '2025-05-18 04:57:09', '2025-05-18 04:57:09', 1),
(2, 1, '2025-05-18 04:57:09', '2025-05-18 04:57:09', 2),
(3, 2, '2025-05-18 04:57:09', '2025-05-18 04:57:09', 3),
(4, 2, '2025-05-18 04:57:09', '2025-05-18 04:57:09', 4),
(6, 4, '2025-05-18 04:57:09', '2025-05-18 04:57:09', 6),
(7, 4, '2025-05-18 04:57:09', '2025-05-18 04:57:09', 7),
(8, 5, '2025-05-18 04:57:09', '2025-05-18 04:57:09', 8),
(12, 3, '2025-07-05 23:18:27', '2025-07-05 23:18:27', 1),
(14, 3, '2025-07-05 23:35:47', '2025-07-05 23:35:47', 4),
(15, 3, '2025-07-06 00:47:49', '2025-07-06 00:47:49', 2),
(16, 3, '2025-07-06 00:48:51', '2025-07-06 00:48:51', 5),
(18, 21, '2025-07-21 23:51:04', '2025-07-21 23:51:04', 1),
(20, 21, '2025-07-21 23:51:20', '2025-07-21 23:51:20', 8);

-- --------------------------------------------------------

--
-- Estructura de tabla para la tabla `tipo_de_admision`
--

CREATE TABLE `tipo_de_admision` (
  `id_tipo_de_admision` int(11) NOT NULL,
  `tipo` varchar(255) NOT NULL,
  `createdAt` datetime NOT NULL,
  `updatedAt` datetime NOT NULL
) ENGINE=InnoDB DEFAULT CHARSET=utf8mb4 COLLATE=utf8mb4_general_ci;

--
-- Volcado de datos para la tabla `tipo_de_admision`
--

INSERT INTO `tipo_de_admision` (`id_tipo_de_admision`, `tipo`, `createdAt`, `updatedAt`) VALUES
(1, 'Programada', '2025-05-18 04:55:43', '2025-05-18 04:55:43'),
(2, 'Derivacion Medica', '2025-05-18 04:55:43', '2025-05-18 04:55:43'),
(3, 'Emergencia', '2025-05-18 04:55:43', '2025-05-18 04:55:43'),
(4, 'Traslado', '2025-05-18 04:55:43', '2025-05-18 04:55:43');

-- --------------------------------------------------------

--
-- Estructura de tabla para la tabla `tipo_de_diagnostico`
--

CREATE TABLE `tipo_de_diagnostico` (
  `id_tipo_de_diagnostico` int(11) NOT NULL,
  `nombre` varchar(255) NOT NULL,
  `descripcion` varchar(255) NOT NULL,
  `createdAt` datetime NOT NULL,
  `updatedAt` datetime NOT NULL
) ENGINE=InnoDB DEFAULT CHARSET=utf8mb4 COLLATE=utf8mb4_general_ci;

--
-- Volcado de datos para la tabla `tipo_de_diagnostico`
--

INSERT INTO `tipo_de_diagnostico` (`id_tipo_de_diagnostico`, `nombre`, `descripcion`, `createdAt`, `updatedAt`) VALUES
(1, 'Presuntivo', 'Diagnóstico basado en síntomas iniciales', '2025-05-18 04:55:43', '2025-05-18 04:55:43'),
(2, 'Definitivo', 'Diagnóstico confirmado con pruebas', '2025-05-18 04:55:43', '2025-05-18 04:55:43'),
(3, 'Diferencial', 'Lista de posibles diagnósticos', '2025-05-18 04:55:43', '2025-05-18 04:55:43'),
(4, 'Anatomopatológico', 'Basado en estudios de tejidos', '2025-05-18 04:55:43', '2025-05-18 04:55:43'),
(5, 'En curso', 'Diagnostico en curso', '2025-05-18 04:55:43', '2025-05-18 04:55:43');

-- --------------------------------------------------------

--
-- Estructura de tabla para la tabla `tipo_de_medicamento`
--

CREATE TABLE `tipo_de_medicamento` (
  `id_tipo_de_medicamento` int(11) NOT NULL,
  `nombre` varchar(255) DEFAULT NULL,
  `createdAt` datetime NOT NULL,
  `updatedAt` datetime NOT NULL
) ENGINE=InnoDB DEFAULT CHARSET=utf8mb4 COLLATE=utf8mb4_general_ci;

--
-- Volcado de datos para la tabla `tipo_de_medicamento`
--

INSERT INTO `tipo_de_medicamento` (`id_tipo_de_medicamento`, `nombre`, `createdAt`, `updatedAt`) VALUES
(1, 'Analgésico', '2025-05-18 04:55:43', '2025-05-18 04:55:43'),
(2, 'Antibiótico', '2025-05-18 04:55:43', '2025-05-18 04:55:43'),
(3, 'Antiinflamatorio', '2025-05-18 04:55:43', '2025-05-18 04:55:43'),
(4, 'Antihistamínico', '2025-05-18 04:55:43', '2025-05-18 04:55:43'),
(5, 'Antipirético', '2025-05-18 04:55:43', '2025-05-18 04:55:43'),
(6, 'Anticoagulante', '2025-07-21 19:48:08', '2025-07-21 19:48:08'),
(7, 'Antidepresivo', '2025-07-21 19:48:08', '2025-07-21 19:48:08'),
(8, 'Antipsicótico', '2025-07-21 19:48:08', '2025-07-21 19:48:08'),
(9, 'Anticonvulsivante', '2025-07-21 19:48:08', '2025-07-21 19:48:08'),
(10, 'Broncodilatador', '2025-07-21 19:48:08', '2025-07-21 19:48:08'),
(11, 'Corticosteroide', '2025-07-21 19:48:08', '2025-07-21 19:48:08'),
(12, 'Diurético', '2025-07-21 19:48:08', '2025-07-21 19:48:08'),
(13, 'Antihipertensivo', '2025-07-21 19:48:08', '2025-07-21 19:48:08'),
(14, 'Antianginoso', '2025-07-21 19:48:08', '2025-07-21 19:48:08'),
(15, 'Antiarrítmico', '2025-07-21 19:48:08', '2025-07-21 19:48:08'),
(16, 'Hipolipemiante', '2025-07-21 19:48:08', '2025-07-21 19:48:08'),
(17, 'Antidiabético', '2025-07-21 19:48:08', '2025-07-21 19:48:08'),
(18, 'Antianémico', '2025-07-21 19:48:08', '2025-07-21 19:48:08'),
(19, 'Antitusivo', '2025-07-21 19:48:08', '2025-07-21 19:48:08'),
(20, 'Expectorante', '2025-07-21 19:48:08', '2025-07-21 19:48:08'),
(21, 'Antiemético', '2025-07-21 19:48:08', '2025-07-21 19:48:08'),
(22, 'Laxante', '2025-07-21 19:48:08', '2025-07-21 19:48:08'),
(23, 'Antiespasmódico', '2025-07-21 19:48:08', '2025-07-21 19:48:08'),
(24, 'Antifúngico', '2025-07-21 19:48:08', '2025-07-21 19:48:08'),
(25, 'Antiviral', '2025-07-21 19:48:08', '2025-07-21 19:48:08'),
(26, 'Inmunosupresor', '2025-07-21 19:48:08', '2025-07-21 19:48:08'),
(27, 'Inmunomodulador', '2025-07-21 19:48:08', '2025-07-21 19:48:08'),
(28, 'Hormona tiroidea', '2025-07-21 19:48:08', '2025-07-21 19:48:08'),
(29, 'Antiparkinsoniano', '2025-07-21 19:48:08', '2025-07-21 19:48:08'),
(30, 'Relajante muscular', '2025-07-21 19:48:08', '2025-07-21 19:48:08'),
(31, 'Anestésico local', '2025-07-21 19:48:08', '2025-07-21 19:48:08'),
(32, 'Colinérgico', '2025-07-21 19:48:08', '2025-07-21 19:48:08'),
(33, 'Anticolinérgico', '2025-07-21 19:48:08', '2025-07-21 19:48:08'),
(34, 'Betabloqueante', '2025-07-21 19:48:08', '2025-07-21 19:48:08'),
(35, 'Bloqueador de canales de calcio', '2025-07-21 19:48:08', '2025-07-21 19:48:08'),
(36, 'Inhibidor de la ECA', '2025-07-21 19:48:08', '2025-07-21 19:48:08'),
(37, 'Antagonista de los receptores de angiotensina II', '2025-07-21 19:48:08', '2025-07-21 19:48:08'),
(38, 'Vasodilatador', '2025-07-21 19:48:08', '2025-07-21 19:48:08'),
(39, 'Antimigrañoso', '2025-07-21 19:48:08', '2025-07-21 19:48:08'),
(40, 'Osteoprotector', '2025-07-21 19:48:08', '2025-07-21 19:48:08'),
(41, 'Suplemento vitamínico', '2025-07-21 19:48:08', '2025-07-21 19:48:08'),
(42, 'Suplemento mineral', '2025-07-21 19:48:08', '2025-07-21 19:48:08'),
(43, 'Procinético', '2025-07-21 19:48:08', '2025-07-21 19:48:08'),
(44, 'Inhibidor de la bomba de protones', '2025-07-21 19:48:08', '2025-07-21 19:48:08'),
(45, 'Antagonista H2', '2025-07-21 19:48:08', '2025-07-21 19:48:08'),
(46, 'Protector gástrico', '2025-07-21 19:48:08', '2025-07-21 19:48:08'),
(47, 'Quimioterápico', '2025-07-21 19:48:08', '2025-07-21 19:48:08'),
(48, 'Bifosfonato', '2025-07-21 19:48:08', '2025-07-21 19:48:08'),
(49, 'Modulador selectivo de los receptores de estrógeno', '2025-07-21 19:48:08', '2025-07-21 19:48:08'),
(50, 'Antagonista de la aldosterona', '2025-07-21 19:48:08', '2025-07-21 19:48:08'),
(51, 'Estimulante del sistema nervioso central', '2025-07-21 19:48:08', '2025-07-21 19:48:08'),
(52, 'Sedante', '2025-07-21 19:48:08', '2025-07-21 19:48:08'),
(53, 'Hipnótico', '2025-07-21 19:48:08', '2025-07-21 19:48:08'),
(54, 'Ansiolítico', '2025-07-21 19:48:08', '2025-07-21 19:48:08'),
(55, 'Antagonista opioide', '2025-07-21 19:48:08', '2025-07-21 19:48:08'),
(56, 'Agonista opioide', '2025-07-21 19:48:08', '2025-07-21 19:48:08'),
(57, 'Antagonista de los receptores NMDA', '2025-07-21 19:48:08', '2025-07-21 19:48:08'),
(58, 'Inhibidor de la recaptación de serotonina', '2025-07-21 19:48:08', '2025-07-21 19:48:08'),
(59, 'Inhibidor de la monoaminooxidasa', '2025-07-21 19:48:08', '2025-07-21 19:48:08'),
(60, 'Antagonista de los receptores de dopamina', '2025-07-21 19:48:08', '2025-07-21 19:48:08'),
(61, 'Agonista dopaminérgico', '2025-07-21 19:48:08', '2025-07-21 19:48:08'),
(62, 'Inhibidor de la fosfodiesterasa', '2025-07-21 19:48:08', '2025-07-21 19:48:08'),
(63, 'Antagonista de los receptores de leucotrienos', '2025-07-21 19:48:08', '2025-07-21 19:48:08');

-- --------------------------------------------------------

--
-- Estructura de tabla para la tabla `tipo_de_tratamiento`
--

CREATE TABLE `tipo_de_tratamiento` (
  `id_Tipo_De_Tratamiento` int(11) NOT NULL,
  `nombre` varchar(255) DEFAULT NULL,
  `createdAt` datetime NOT NULL,
  `updatedAt` datetime NOT NULL
) ENGINE=InnoDB DEFAULT CHARSET=utf8mb4 COLLATE=utf8mb4_general_ci;

--
-- Volcado de datos para la tabla `tipo_de_tratamiento`
--

INSERT INTO `tipo_de_tratamiento` (`id_Tipo_De_Tratamiento`, `nombre`, `createdAt`, `updatedAt`) VALUES
(1, 'Medicación oral', '2025-05-18 04:55:43', '2025-05-18 04:55:43'),
(2, 'Inyección', '2025-05-18 04:55:43', '2025-05-18 04:55:43'),
(3, 'Terapia física', '2025-05-18 04:55:43', '2025-05-18 04:55:43'),
(5, 'Terapia psicológica', '2025-05-18 04:55:43', '2025-05-18 04:55:43'),
(6, 'Radioterapia externa', '2025-07-21 19:36:35', '2025-07-21 19:36:35'),
(7, 'Braquiterapia', '2025-07-21 19:36:35', '2025-07-21 19:36:35'),
(8, 'Quimioterapia intravenosa', '2025-07-21 19:36:35', '2025-07-21 19:36:35'),
(9, 'Inmunoterapia', '2025-07-21 19:36:35', '2025-07-21 19:36:35'),
(10, 'Terapia hormonal', '2025-07-21 19:36:35', '2025-07-21 19:36:35'),
(11, 'Terapia génica', '2025-07-21 19:36:35', '2025-07-21 19:36:35'),
(12, 'Terapia celular', '2025-07-21 19:36:35', '2025-07-21 19:36:35'),
(13, 'Fototerapia', '2025-07-21 19:36:35', '2025-07-21 19:36:35'),
(14, 'Terapia fotodinámica', '2025-07-21 19:36:35', '2025-07-21 19:36:35'),
(15, 'Oxigenoterapia hiperbárica', '2025-07-21 19:36:35', '2025-07-21 19:36:35'),
(16, 'Diálisis peritoneal', '2025-07-21 19:36:35', '2025-07-21 19:36:35'),
(17, 'Hemodiálisis', '2025-07-21 19:36:35', '2025-07-21 19:36:35'),
(18, 'Plasmaféresis', '2025-07-21 19:36:35', '2025-07-21 19:36:35'),
(19, 'Terapia de quelación', '2025-07-21 19:36:35', '2025-07-21 19:36:35'),
(20, 'Terapia de reemplazo enzimático', '2025-07-21 19:36:35', '2025-07-21 19:36:35'),
(21, 'Terapia de supresión androgénica', '2025-07-21 19:36:35', '2025-07-21 19:36:35'),
(22, 'Terapia con láser', '2025-07-21 19:36:35', '2025-07-21 19:36:35'),
(23, 'Crioterapia', '2025-07-21 19:36:35', '2025-07-21 19:36:35'),
(24, 'Electroterapia', '2025-07-21 19:36:35', '2025-07-21 19:36:35'),
(25, 'Terapia de ultrasonido', '2025-07-21 19:36:35', '2025-07-21 19:36:35'),
(26, 'Terapia de ondas de choque', '2025-07-21 19:36:35', '2025-07-21 19:36:35'),
(27, 'Terapia con campos electromagnéticos', '2025-07-21 19:36:35', '2025-07-21 19:36:35'),
(28, 'Terapia neural', '2025-07-21 19:36:35', '2025-07-21 19:36:35'),
(29, 'Terapia de biorretroalimentación', '2025-07-21 19:36:35', '2025-07-21 19:36:35'),
(30, 'Terapia de estimulación cerebral profunda', '2025-07-21 19:36:35', '2025-07-21 19:36:35'),
(31, 'Estimulación magnética transcraneal', '2025-07-21 19:36:35', '2025-07-21 19:36:35'),
(32, 'Estimulación del nervio vago', '2025-07-21 19:36:35', '2025-07-21 19:36:35'),
(33, 'Terapia de reemplazo hormonal', '2025-07-21 19:36:35', '2025-07-21 19:36:35'),
(34, 'Terapia de deprivación androgénica', '2025-07-21 19:36:35', '2025-07-21 19:36:35'),
(35, 'Terapia con células madre', '2025-07-21 19:36:35', '2025-07-21 19:36:35'),
(36, 'Terapia CAR-T', '2025-07-21 19:36:35', '2025-07-21 19:36:35'),
(37, 'Terapia con virus oncolíticos', '2025-07-21 19:36:35', '2025-07-21 19:36:35'),
(38, 'Terapia con anticuerpos monoclonales', '2025-07-21 19:36:35', '2025-07-21 19:36:35'),
(39, 'Terapia dirigida molecular', '2025-07-21 19:36:35', '2025-07-21 19:36:35'),
(40, 'Terapia antiangiogénica', '2025-07-21 19:36:35', '2025-07-21 19:36:35'),
(41, 'Terapia con radiofármacos', '2025-07-21 19:36:35', '2025-07-21 19:36:35'),
(42, 'Terapia de protones', '2025-07-21 19:36:35', '2025-07-21 19:36:35'),
(43, 'Terapia con radioisótopos', '2025-07-21 19:36:35', '2025-07-21 19:36:35'),
(44, 'Terapia de captura neutrónica de boro', '2025-07-21 19:36:35', '2025-07-21 19:36:35'),
(45, 'Terapia metabólica', '2025-07-21 19:36:35', '2025-07-21 19:36:35'),
(46, 'Terapia de oxigenación', '2025-07-21 19:36:35', '2025-07-21 19:36:35'),
(47, 'Terapia de ozono', '2025-07-21 19:36:35', '2025-07-21 19:36:35'),
(48, 'Terapia de quelación de metales pesados', '2025-07-21 19:36:35', '2025-07-21 19:36:35'),
(49, 'Terapia de desintoxicación', '2025-07-21 19:36:35', '2025-07-21 19:36:35'),
(50, 'Terapia de modulación inmune', '2025-07-21 19:36:35', '2025-07-21 19:36:35'),
(51, 'Terapia con interferón', '2025-07-21 19:36:35', '2025-07-21 19:36:35'),
(52, 'Terapia con interleucinas', '2025-07-21 19:36:35', '2025-07-21 19:36:35'),
(53, 'Terapia con factores de crecimiento', '2025-07-21 19:36:35', '2025-07-21 19:36:35'),
(54, 'Terapia de vacunación', '2025-07-21 19:36:35', '2025-07-21 19:36:35'),
(55, 'Terapia de inmunoglobulina intravenosa', '2025-07-21 19:36:35', '2025-07-21 19:36:35'),
(56, 'Terapia de aféresis', '2025-07-21 19:36:35', '2025-07-21 19:36:35'),
(57, 'Terapia de recambio plasmático', '2025-07-21 19:36:35', '2025-07-21 19:36:35'),
(58, 'Terapia de albúmina', '2025-07-21 19:36:35', '2025-07-21 19:36:35'),
(59, 'Terapia de surfactante', '2025-07-21 19:36:35', '2025-07-21 19:36:35'),
(60, 'Terapia de reemplazo de líquido sinovial', '2025-07-21 19:36:35', '2025-07-21 19:36:35'),
(61, 'Terapia de infusión intratecal', '2025-07-21 19:36:35', '2025-07-21 19:36:35'),
(62, 'Terapia intraarticular', '2025-07-21 19:36:35', '2025-07-21 19:36:35'),
(63, 'Terapia intravesical', '2025-07-21 19:36:35', '2025-07-21 19:36:35'),
(64, 'Terapia intraperitoneal', '2025-07-21 19:36:35', '2025-07-21 19:36:35'),
(65, 'Terapia intralesional', '2025-07-21 19:36:35', '2025-07-21 19:36:35'),
(66, 'Terapia tópica fotodinámica', '2025-07-21 19:36:35', '2025-07-21 19:36:35'),
(67, 'Terapia de iontoforesis', '2025-07-21 19:36:35', '2025-07-21 19:36:35'),
(68, 'Terapia de fonoforesis', '2025-07-21 19:36:35', '2025-07-21 19:36:35'),
(69, 'Terapia de electroporación', '2025-07-21 19:36:35', '2025-07-21 19:36:35'),
(70, 'Terapia de microondas', '2025-07-21 19:36:35', '2025-07-21 19:36:35'),
(71, 'Terapia de radiofrecuencia', '2025-07-21 19:36:35', '2025-07-21 19:36:35'),
(72, 'Terapia de cámara hiperbárica', '2025-07-21 19:36:35', '2025-07-21 19:36:35'),
(73, 'Terapia de hipotermia controlada', '2025-07-21 19:36:35', '2025-07-21 19:36:35'),
(74, 'Terapia de neuromodulación', '2025-07-21 19:36:35', '2025-07-21 19:36:35'),
(75, 'Terapia de estimulación medular', '2025-07-21 19:36:35', '2025-07-21 19:36:35'),
(76, 'Terapia de estimulación del ganglio de la raíz dorsal', '2025-07-21 19:36:35', '2025-07-21 19:36:35'),
(77, 'Terapia de neuroestimulación', '2025-07-21 19:36:35', '2025-07-21 19:36:35'),
(78, 'Terapia de implante coclear', '2025-07-21 19:36:35', '2025-07-21 19:36:35'),
(79, 'Terapia de implante auditivo de tronco cerebral', '2025-07-21 19:36:35', '2025-07-21 19:36:35'),
(80, 'Terapia de estimulación del nervio sacro', '2025-07-21 19:36:35', '2025-07-21 19:36:35'),
(81, 'Terapia de estimulación del plexo pélvico', '2025-07-21 19:36:35', '2025-07-21 19:36:35'),
(82, 'Terapia de estimulación gástrica', '2025-07-21 19:36:35', '2025-07-21 19:36:35'),
(83, 'Terapia de estimulación del nervio frénico', '2025-07-21 19:36:35', '2025-07-21 19:36:35'),
(84, 'Terapia de estimulación del diafragma', '2025-07-21 19:36:35', '2025-07-21 19:36:35'),
(85, 'Terapia de asistencia ventricular', '2025-07-21 19:36:35', '2025-07-21 19:36:35'),
(86, 'Terapia de oxigenación por membrana extracorpórea', '2025-07-21 19:36:35', '2025-07-21 19:36:35'),
(87, 'Terapia de hemoperfusión', '2025-07-21 19:36:35', '2025-07-21 19:36:35'),
(88, 'Terapia de lavado broncoalveolar', '2025-07-21 19:36:35', '2025-07-21 19:36:35'),
(89, 'Terapia de lavado peritoneal', '2025-07-21 19:36:35', '2025-07-21 19:36:35'),
(90, 'Terapia de irrigación vesical', '2025-07-21 19:36:35', '2025-07-21 19:36:35'),
(91, 'Terapia de drenaje pleural', '2025-07-21 19:36:35', '2025-07-21 19:36:35'),
(92, 'Terapia de drenaje ventricular', '2025-07-21 19:36:35', '2025-07-21 19:36:35'),
(93, 'Terapia de derivación ventriculoperitoneal', '2025-07-21 19:36:35', '2025-07-21 19:36:35'),
(94, 'Terapia de derivación lumboperitoneal', '2025-07-21 19:36:35', '2025-07-21 19:36:35'),
(95, 'Terapia de derivación portosistémica', '2025-07-21 19:36:35', '2025-07-21 19:36:35'),
(96, 'Terapia de derivación urinaria', '2025-07-21 19:36:35', '2025-07-21 19:36:35'),
(97, 'Terapia de derivación biliar', '2025-07-21 19:36:35', '2025-07-21 19:36:35'),
(98, 'Terapia de derivación pancreática', '2025-07-21 19:36:35', '2025-07-21 19:36:35'),
(99, 'Terapia de nutrición parenteral', '2025-07-21 19:36:35', '2025-07-21 19:36:35'),
(100, 'Terapia de nutrición enteral', '2025-07-21 19:36:35', '2025-07-21 19:36:35'),
(101, 'Terapia de soporte nutricional', '2025-07-21 19:36:35', '2025-07-21 19:36:35'),
(102, 'Terapia de rehidratación parenteral', '2025-07-21 19:36:35', '2025-07-21 19:36:35'),
(103, 'Terapia de reemplazo electrolítico', '2025-07-21 19:36:35', '2025-07-21 19:36:35'),
(104, 'Terapia de reemplazo de fluidos', '2025-07-21 19:36:35', '2025-07-21 19:36:35'),
(105, 'Terapia de transfusión sanguínea', '2025-07-21 19:36:35', '2025-07-21 19:36:35'),
(106, 'Terapia de plasmaféresis terapéutica', '2025-07-21 19:36:35', '2025-07-21 19:36:35'),
(107, 'Terapia de inmunoadsorción', '2025-07-21 19:36:35', '2025-07-21 19:36:35'),
(108, 'Terapia de fotoféresis extracorpórea', '2025-07-21 19:36:35', '2025-07-21 19:36:35'),
(109, 'Terapia de lavado de eritrocitos', '2025-07-21 19:36:35', '2025-07-21 19:36:35'),
(110, 'Terapia de lavado de leucocitos', '2025-07-21 19:36:35', '2025-07-21 19:36:35'),
(111, 'Terapia de lavado de plaquetas', '2025-07-21 19:36:35', '2025-07-21 19:36:35'),
(112, 'Terapia de aféresis de células progenitoras', '2025-07-21 19:36:35', '2025-07-21 19:36:35'),
(113, 'Terapia de trasplante de médula ósea', '2025-07-21 19:36:35', '2025-07-21 19:36:35'),
(114, 'Terapia de trasplante de células hematopoyéticas', '2025-07-21 19:36:35', '2025-07-21 19:36:35'),
(115, 'Terapia de trasplante de órganos sólidos', '2025-07-21 19:36:35', '2025-07-21 19:36:35'),
(116, 'Terapia de trasplante de tejidos', '2025-07-21 19:36:35', '2025-07-21 19:36:35'),
(117, 'Terapia de trasplante compuesto', '2025-07-21 19:36:35', '2025-07-21 19:36:35');

-- --------------------------------------------------------

--
-- Estructura de tabla para la tabla `tipo_sanguineo`
--

CREATE TABLE `tipo_sanguineo` (
  `id_tipo_sanguineo` int(11) NOT NULL,
  `nombre` varchar(255) DEFAULT NULL,
  `createdAt` datetime NOT NULL,
  `updatedAt` datetime NOT NULL
) ENGINE=InnoDB DEFAULT CHARSET=utf8mb4 COLLATE=utf8mb4_general_ci;

--
-- Volcado de datos para la tabla `tipo_sanguineo`
--

INSERT INTO `tipo_sanguineo` (`id_tipo_sanguineo`, `nombre`, `createdAt`, `updatedAt`) VALUES
(1, 'A+', '2025-05-18 04:55:43', '2025-05-18 04:55:43'),
(2, 'A-', '2025-05-18 04:55:43', '2025-05-18 04:55:43'),
(3, 'B+', '2025-05-18 04:55:43', '2025-05-18 04:55:43'),
(4, 'B-', '2025-05-18 04:55:43', '2025-05-18 04:55:43'),
(5, 'AB+', '2025-05-18 04:55:43', '2025-05-18 04:55:43'),
(6, 'AB-', '2025-05-18 04:55:43', '2025-05-18 04:55:43'),
(7, 'O+', '2025-05-18 04:55:43', '2025-05-18 04:55:43'),
(8, 'O-', '2025-05-18 04:55:43', '2025-05-18 04:55:43'),
(9, 'No especificado', '2025-05-18 04:55:43', '2025-05-18 04:55:43');

-- --------------------------------------------------------

--
-- Estructura de tabla para la tabla `turnos`
--

CREATE TABLE `turnos` (
  `id_turno` int(11) NOT NULL,
  `estado` tinyint(1) DEFAULT 1,
  `fecha` date NOT NULL,
  `id_horario_turno` int(11) DEFAULT NULL,
  `motivo` varchar(255) NOT NULL,
  `id_paciente` int(11) DEFAULT NULL,
  `createdAt` datetime NOT NULL,
  `updatedAt` datetime NOT NULL,
  `id_medico` int(11) DEFAULT NULL
) ENGINE=InnoDB DEFAULT CHARSET=utf8mb4 COLLATE=utf8mb4_general_ci;

--
-- Volcado de datos para la tabla `turnos`
--

INSERT INTO `turnos` (`id_turno`, `estado`, `fecha`, `id_horario_turno`, `motivo`, `id_paciente`, `createdAt`, `updatedAt`, `id_medico`) VALUES
(3, 1, '2025-06-25', 2, 'Seguimiento tratamiento', 3, '2025-05-18 04:56:53', '2025-06-25 21:54:24', 1),
(4, 1, '2023-05-22', 20, 'Consulta pediátrica', 4, '2025-05-18 04:56:53', '2025-05-18 04:56:53', 2),
(5, 1, '2023-05-23', 3, 'Revisión anual', 5, '2025-05-18 04:56:53', '2025-05-18 04:56:53', 1),
(15, 0, '2025-06-25', 3, 'ddddddddddddddddddddddddddddddddddddddddddddddd', 1, '2025-06-25 21:51:12', '2025-06-26 02:01:34', 2),
(18, 0, '2025-06-25', 2, 'saaaaaaaaaaaaaaaaaaaaaaaaaad', 1, '2025-06-25 23:35:34', '2025-06-26 01:39:43', 2),
(19, 0, '2025-06-26', 1, 'asddddddddddddddddddddddddddddddddddddd', 1, '2025-06-26 02:01:51', '2025-06-26 02:32:50', 1),
(20, 0, '2025-06-26', 9, 'habia un caracol rojo \r\n', 2, '2025-06-26 02:21:13', '2025-06-26 02:21:34', 2),
(22, 0, '2025-06-26', 12, 'dddddddddddddddddddddddddddddddddddd', 2, '2025-06-26 02:30:52', '2025-06-26 02:36:22', 1),
(24, 0, '2025-06-27', 1, 'ddddddddddddddddddddddddddddddddddd', 2, '2025-06-26 19:11:57', '2025-06-26 19:12:32', 1),
(33, 0, '2025-06-29', 7, 'dddddddddddddddddddddddddddddddddddddddddddddd', 2, '2025-06-26 22:39:12', '2025-06-26 23:09:06', 1),
(34, 0, '2025-07-06', 2, 'ddddddddddddddddddddddddddddddddd', 2, '2025-06-26 23:17:32', '2025-06-26 23:17:39', 1),
(35, 0, '2025-06-26', 15, 'dddddddddddddddddddddddddddddddddddddddddddd', 2, '2025-06-26 23:17:55', '2025-07-21 21:23:07', 2),
(36, 0, '2025-07-24', 1, 'Operacion de rodillas', 7, '2025-07-21 23:13:41', '2025-07-22 00:09:15', 1);

-- --------------------------------------------------------

--
-- Estructura de tabla para la tabla `usuarios`
--

CREATE TABLE `usuarios` (
  `id_Usuario` int(11) NOT NULL,
  `email` varchar(255) NOT NULL,
  `password_hash` varchar(255) NOT NULL,
  `activo` tinyint(1) DEFAULT 1,
  `intentos_fallidos` int(11) DEFAULT 0,
  `id_Rol` int(11) DEFAULT NULL,
  `createdAt` datetime NOT NULL,
  `updatedAt` datetime NOT NULL
) ENGINE=InnoDB DEFAULT CHARSET=utf8mb4 COLLATE=utf8mb4_general_ci;

--
-- Volcado de datos para la tabla `usuarios`
--

INSERT INTO `usuarios` (`id_Usuario`, `email`, `password_hash`, `activo`, `intentos_fallidos`, `id_Rol`, `createdAt`, `updatedAt`) VALUES
(1, 'admin@gmail.com', '$2a$10$xD7J2XW3q5U5e5v5e5v5eO5v5e5v5e5v5e5v5e5v5e5v5e5v5e5v5e', 1, 0, 1, '2025-05-18 04:56:06', '2025-05-18 04:56:06'),
(2, 'medico1@gmail.com', '$2b$10$4srogIWeC3mUPd.LJ5T.M.0.4CoxTbwGw9U27qC/pYAznvZKyod9u', 1, 0, 2, '2025-05-18 04:56:06', '2025-07-11 20:44:35'),
(3, 'medico2@gmail.com', '$2b$10$4srogIWeC3mUPd.LJ5T.M.0.4CoxTbwGw9U27qC/pYAznvZKyod9u', 1, 0, 2, '2025-05-18 04:56:06', '2025-07-11 20:47:47'),
(4, 'enfermero1@gmail.com', '$2b$10$jitA2mxNenbtyxWwlcQEE.4kIulcmasYZb6oj7L9V4gIw3rBBLf1u', 1, 0, 3, '2025-05-18 04:56:06', '2025-05-18 04:56:06'),
(5, 'admision1@gmail.com', '$2b$10$49WLpIC4uaEiiDOkSgXlweBFIejGKkdAQTewBFbqs1sjg0vHg22f6', 1, 0, 4, '2025-05-18 04:56:06', '2025-05-18 04:56:06'),
(6, 'enfermero2@gmail.com', '$2b$10$jitA2mxNenbtyxWwlcQEE.4kIulcmasYZb6oj7L9V4gIw3rBBLf1u', 1, 0, 3, '2025-05-18 04:56:06', '2025-05-18 04:56:06');

--
-- Índices para tablas volcadas
--

--
-- Indices de la tabla `admisiones`
--
ALTER TABLE `admisiones`
  ADD PRIMARY KEY (`id_Admision`),
  ADD KEY `id_motivo_de_Internacion` (`id_motivo_de_Internacion`),
  ADD KEY `id_prioridad_de_atencion` (`id_prioridad_de_atencion`),
  ADD KEY `id_tipo_de_admision` (`id_tipo_de_admision`),
  ADD KEY `id_Paciente` (`id_Paciente`),
  ADD KEY `id_Cama` (`id_Cama`);

--
-- Indices de la tabla `categoriasseguros`
--
ALTER TABLE `categoriasseguros`
  ADD PRIMARY KEY (`id_Categoria_Seguro`);

--
-- Indices de la tabla `enfermeros`
--
ALTER TABLE `enfermeros`
  ADD PRIMARY KEY (`id_Enfermero`),
  ADD UNIQUE KEY `dni` (`dni`),
  ADD UNIQUE KEY `dni_2` (`dni`),
  ADD UNIQUE KEY `dni_3` (`dni`),
  ADD UNIQUE KEY `dni_4` (`dni`),
  ADD UNIQUE KEY `dni_5` (`dni`),
  ADD UNIQUE KEY `dni_6` (`dni`),
  ADD UNIQUE KEY `dni_7` (`dni`),
  ADD UNIQUE KEY `dni_8` (`dni`),
  ADD UNIQUE KEY `dni_9` (`dni`),
  ADD UNIQUE KEY `dni_10` (`dni`),
  ADD UNIQUE KEY `dni_11` (`dni`),
  ADD UNIQUE KEY `dni_12` (`dni`),
  ADD UNIQUE KEY `dni_13` (`dni`),
  ADD UNIQUE KEY `dni_14` (`dni`),
  ADD UNIQUE KEY `dni_15` (`dni`),
  ADD UNIQUE KEY `dni_16` (`dni`),
  ADD UNIQUE KEY `dni_17` (`dni`),
  ADD UNIQUE KEY `dni_18` (`dni`),
  ADD UNIQUE KEY `dni_19` (`dni`),
  ADD UNIQUE KEY `dni_20` (`dni`),
  ADD UNIQUE KEY `dni_21` (`dni`),
  ADD UNIQUE KEY `dni_22` (`dni`),
  ADD UNIQUE KEY `dni_23` (`dni`),
  ADD UNIQUE KEY `dni_24` (`dni`),
  ADD UNIQUE KEY `dni_25` (`dni`),
  ADD UNIQUE KEY `dni_26` (`dni`),
  ADD UNIQUE KEY `dni_27` (`dni`),
  ADD UNIQUE KEY `dni_28` (`dni`),
  ADD UNIQUE KEY `dni_29` (`dni`),
  ADD UNIQUE KEY `dni_30` (`dni`),
  ADD UNIQUE KEY `dni_31` (`dni`),
  ADD UNIQUE KEY `dni_32` (`dni`),
  ADD UNIQUE KEY `dni_33` (`dni`),
  ADD UNIQUE KEY `dni_34` (`dni`),
  ADD KEY `id_usuario` (`id_usuario`);

--
-- Indices de la tabla `especialidades`
--
ALTER TABLE `especialidades`
  ADD PRIMARY KEY (`id_Especialidad`);

--
-- Indices de la tabla `horarios_turnos`
--
ALTER TABLE `horarios_turnos`
  ADD PRIMARY KEY (`id_horario_turno`);

--
-- Indices de la tabla `hospital_alas`
--
ALTER TABLE `hospital_alas`
  ADD PRIMARY KEY (`id_Ala`);

--
-- Indices de la tabla `hospital_camas`
--
ALTER TABLE `hospital_camas`
  ADD PRIMARY KEY (`id_Cama`),
  ADD KEY `id_habitacion` (`id_habitacion`);

--
-- Indices de la tabla `hospital_habitaciones`
--
ALTER TABLE `hospital_habitaciones`
  ADD PRIMARY KEY (`id_Habitacion`),
  ADD UNIQUE KEY `nro_Habitacion` (`nro_Habitacion`),
  ADD UNIQUE KEY `nro_Habitacion_2` (`nro_Habitacion`),
  ADD UNIQUE KEY `nro_Habitacion_3` (`nro_Habitacion`),
  ADD UNIQUE KEY `nro_Habitacion_4` (`nro_Habitacion`),
  ADD UNIQUE KEY `nro_Habitacion_5` (`nro_Habitacion`),
  ADD UNIQUE KEY `nro_Habitacion_6` (`nro_Habitacion`),
  ADD UNIQUE KEY `nro_Habitacion_7` (`nro_Habitacion`),
  ADD UNIQUE KEY `nro_Habitacion_8` (`nro_Habitacion`),
  ADD UNIQUE KEY `nro_Habitacion_9` (`nro_Habitacion`),
  ADD UNIQUE KEY `nro_Habitacion_10` (`nro_Habitacion`),
  ADD UNIQUE KEY `nro_Habitacion_11` (`nro_Habitacion`),
  ADD UNIQUE KEY `nro_Habitacion_12` (`nro_Habitacion`),
  ADD UNIQUE KEY `nro_Habitacion_13` (`nro_Habitacion`),
  ADD UNIQUE KEY `nro_Habitacion_14` (`nro_Habitacion`),
  ADD UNIQUE KEY `nro_Habitacion_15` (`nro_Habitacion`),
  ADD UNIQUE KEY `nro_Habitacion_16` (`nro_Habitacion`),
  ADD UNIQUE KEY `nro_Habitacion_17` (`nro_Habitacion`),
  ADD UNIQUE KEY `nro_Habitacion_18` (`nro_Habitacion`),
  ADD UNIQUE KEY `nro_Habitacion_19` (`nro_Habitacion`),
  ADD UNIQUE KEY `nro_Habitacion_20` (`nro_Habitacion`),
  ADD UNIQUE KEY `nro_Habitacion_21` (`nro_Habitacion`),
  ADD UNIQUE KEY `nro_Habitacion_22` (`nro_Habitacion`),
  ADD UNIQUE KEY `nro_Habitacion_23` (`nro_Habitacion`),
  ADD UNIQUE KEY `nro_Habitacion_24` (`nro_Habitacion`),
  ADD UNIQUE KEY `nro_Habitacion_25` (`nro_Habitacion`),
  ADD UNIQUE KEY `nro_Habitacion_26` (`nro_Habitacion`),
  ADD UNIQUE KEY `nro_Habitacion_27` (`nro_Habitacion`),
  ADD UNIQUE KEY `nro_Habitacion_28` (`nro_Habitacion`),
  ADD UNIQUE KEY `nro_Habitacion_29` (`nro_Habitacion`),
  ADD UNIQUE KEY `nro_Habitacion_30` (`nro_Habitacion`),
  ADD UNIQUE KEY `nro_Habitacion_31` (`nro_Habitacion`),
  ADD UNIQUE KEY `nro_Habitacion_32` (`nro_Habitacion`),
  ADD UNIQUE KEY `nro_Habitacion_33` (`nro_Habitacion`),
  ADD UNIQUE KEY `nro_Habitacion_34` (`nro_Habitacion`),
  ADD KEY `id_ala` (`id_ala`);

--
-- Indices de la tabla `lazo_familiar`
--
ALTER TABLE `lazo_familiar`
  ADD PRIMARY KEY (`id_Lazo_Familiar`);

--
-- Indices de la tabla `medicamentos`
--
ALTER TABLE `medicamentos`
  ADD PRIMARY KEY (`id_Medicamento`),
  ADD UNIQUE KEY `codigo` (`codigo`),
  ADD UNIQUE KEY `codigo_2` (`codigo`),
  ADD UNIQUE KEY `codigo_3` (`codigo`),
  ADD UNIQUE KEY `codigo_4` (`codigo`),
  ADD UNIQUE KEY `codigo_5` (`codigo`),
  ADD UNIQUE KEY `codigo_6` (`codigo`),
  ADD UNIQUE KEY `codigo_7` (`codigo`),
  ADD UNIQUE KEY `codigo_8` (`codigo`),
  ADD UNIQUE KEY `codigo_9` (`codigo`),
  ADD UNIQUE KEY `codigo_10` (`codigo`),
  ADD UNIQUE KEY `codigo_11` (`codigo`),
  ADD UNIQUE KEY `codigo_12` (`codigo`),
  ADD UNIQUE KEY `codigo_13` (`codigo`),
  ADD UNIQUE KEY `codigo_14` (`codigo`),
  ADD UNIQUE KEY `codigo_15` (`codigo`),
  ADD UNIQUE KEY `codigo_16` (`codigo`),
  ADD UNIQUE KEY `codigo_17` (`codigo`),
  ADD UNIQUE KEY `codigo_18` (`codigo`),
  ADD UNIQUE KEY `codigo_19` (`codigo`),
  ADD UNIQUE KEY `codigo_20` (`codigo`),
  ADD UNIQUE KEY `codigo_21` (`codigo`),
  ADD UNIQUE KEY `codigo_22` (`codigo`),
  ADD UNIQUE KEY `codigo_23` (`codigo`),
  ADD UNIQUE KEY `codigo_24` (`codigo`),
  ADD UNIQUE KEY `codigo_25` (`codigo`),
  ADD UNIQUE KEY `codigo_26` (`codigo`),
  ADD UNIQUE KEY `codigo_27` (`codigo`),
  ADD UNIQUE KEY `codigo_28` (`codigo`),
  ADD UNIQUE KEY `codigo_29` (`codigo`),
  ADD UNIQUE KEY `codigo_30` (`codigo`),
  ADD UNIQUE KEY `codigo_31` (`codigo`),
  ADD UNIQUE KEY `codigo_32` (`codigo`),
  ADD UNIQUE KEY `codigo_33` (`codigo`),
  ADD UNIQUE KEY `codigo_34` (`codigo`),
  ADD KEY `id_tipo_de_medicamento` (`id_tipo_de_medicamento`);

--
-- Indices de la tabla `medicos`
--
ALTER TABLE `medicos`
  ADD PRIMARY KEY (`id_Medico`),
  ADD UNIQUE KEY `dni` (`dni`),
  ADD UNIQUE KEY `dni_2` (`dni`),
  ADD UNIQUE KEY `dni_3` (`dni`),
  ADD UNIQUE KEY `dni_4` (`dni`),
  ADD UNIQUE KEY `dni_5` (`dni`),
  ADD UNIQUE KEY `dni_6` (`dni`),
  ADD UNIQUE KEY `dni_7` (`dni`),
  ADD UNIQUE KEY `dni_8` (`dni`),
  ADD UNIQUE KEY `dni_9` (`dni`),
  ADD UNIQUE KEY `dni_10` (`dni`),
  ADD UNIQUE KEY `dni_11` (`dni`),
  ADD UNIQUE KEY `dni_12` (`dni`),
  ADD UNIQUE KEY `dni_13` (`dni`),
  ADD UNIQUE KEY `dni_14` (`dni`),
  ADD UNIQUE KEY `dni_15` (`dni`),
  ADD UNIQUE KEY `dni_16` (`dni`),
  ADD UNIQUE KEY `dni_17` (`dni`),
  ADD UNIQUE KEY `dni_18` (`dni`),
  ADD UNIQUE KEY `dni_19` (`dni`),
  ADD UNIQUE KEY `dni_20` (`dni`),
  ADD UNIQUE KEY `dni_21` (`dni`),
  ADD UNIQUE KEY `dni_22` (`dni`),
  ADD UNIQUE KEY `dni_23` (`dni`),
  ADD UNIQUE KEY `dni_24` (`dni`),
  ADD UNIQUE KEY `dni_25` (`dni`),
  ADD UNIQUE KEY `dni_26` (`dni`),
  ADD UNIQUE KEY `dni_27` (`dni`),
  ADD UNIQUE KEY `dni_28` (`dni`),
  ADD UNIQUE KEY `dni_29` (`dni`),
  ADD UNIQUE KEY `dni_30` (`dni`),
  ADD UNIQUE KEY `dni_31` (`dni`),
  ADD UNIQUE KEY `dni_32` (`dni`),
  ADD UNIQUE KEY `dni_33` (`dni`),
  ADD UNIQUE KEY `dni_34` (`dni`),
  ADD KEY `id_Especialidad` (`id_Especialidad`),
  ADD KEY `id_usuario` (`id_usuario`);

--
-- Indices de la tabla `motivo_de_internacion`
--
ALTER TABLE `motivo_de_internacion`
  ADD PRIMARY KEY (`id_motivo_de_Internacion`),
  ADD UNIQUE KEY `motivo` (`motivo`),
  ADD UNIQUE KEY `motivo_2` (`motivo`),
  ADD UNIQUE KEY `motivo_3` (`motivo`),
  ADD UNIQUE KEY `motivo_4` (`motivo`),
  ADD UNIQUE KEY `motivo_5` (`motivo`),
  ADD UNIQUE KEY `motivo_6` (`motivo`),
  ADD UNIQUE KEY `motivo_7` (`motivo`),
  ADD UNIQUE KEY `motivo_8` (`motivo`),
  ADD UNIQUE KEY `motivo_9` (`motivo`),
  ADD UNIQUE KEY `motivo_10` (`motivo`),
  ADD UNIQUE KEY `motivo_11` (`motivo`),
  ADD UNIQUE KEY `motivo_12` (`motivo`),
  ADD UNIQUE KEY `motivo_13` (`motivo`),
  ADD UNIQUE KEY `motivo_14` (`motivo`),
  ADD UNIQUE KEY `motivo_15` (`motivo`),
  ADD UNIQUE KEY `motivo_16` (`motivo`),
  ADD UNIQUE KEY `motivo_17` (`motivo`),
  ADD UNIQUE KEY `motivo_18` (`motivo`),
  ADD UNIQUE KEY `motivo_19` (`motivo`),
  ADD UNIQUE KEY `motivo_20` (`motivo`),
  ADD UNIQUE KEY `motivo_21` (`motivo`),
  ADD UNIQUE KEY `motivo_22` (`motivo`),
  ADD UNIQUE KEY `motivo_23` (`motivo`),
  ADD UNIQUE KEY `motivo_24` (`motivo`),
  ADD UNIQUE KEY `motivo_25` (`motivo`),
  ADD UNIQUE KEY `motivo_26` (`motivo`),
  ADD UNIQUE KEY `motivo_27` (`motivo`),
  ADD UNIQUE KEY `motivo_28` (`motivo`),
  ADD UNIQUE KEY `motivo_29` (`motivo`),
  ADD UNIQUE KEY `motivo_30` (`motivo`),
  ADD UNIQUE KEY `motivo_31` (`motivo`),
  ADD UNIQUE KEY `motivo_32` (`motivo`),
  ADD UNIQUE KEY `motivo_33` (`motivo`),
  ADD UNIQUE KEY `motivo_34` (`motivo`);

--
-- Indices de la tabla `mutuales`
--
ALTER TABLE `mutuales`
  ADD PRIMARY KEY (`id_mutual`);

--
-- Indices de la tabla `nombre_alergia`
--
ALTER TABLE `nombre_alergia`
  ADD PRIMARY KEY (`id_nombre_alergia`);

--
-- Indices de la tabla `nombre_cirugia`
--
ALTER TABLE `nombre_cirugia`
  ADD PRIMARY KEY (`id_nombre_cirugia`);

--
-- Indices de la tabla `nombre_prueba_diagnostica`
--
ALTER TABLE `nombre_prueba_diagnostica`
  ADD PRIMARY KEY (`id_nombre_prueba_diagnostica`);

--
-- Indices de la tabla `nombre_sintoma`
--
ALTER TABLE `nombre_sintoma`
  ADD PRIMARY KEY (`id_Nombre_Sintoma`);

--
-- Indices de la tabla `pacientes`
--
ALTER TABLE `pacientes`
  ADD PRIMARY KEY (`id_Paciente`),
  ADD UNIQUE KEY `dni` (`dni`),
  ADD UNIQUE KEY `dni_2` (`dni`),
  ADD UNIQUE KEY `dni_3` (`dni`),
  ADD UNIQUE KEY `dni_4` (`dni`),
  ADD UNIQUE KEY `dni_5` (`dni`),
  ADD UNIQUE KEY `dni_6` (`dni`),
  ADD UNIQUE KEY `dni_7` (`dni`),
  ADD UNIQUE KEY `dni_8` (`dni`),
  ADD UNIQUE KEY `dni_9` (`dni`),
  ADD UNIQUE KEY `dni_10` (`dni`),
  ADD UNIQUE KEY `dni_11` (`dni`),
  ADD UNIQUE KEY `dni_12` (`dni`),
  ADD UNIQUE KEY `dni_13` (`dni`),
  ADD UNIQUE KEY `dni_14` (`dni`),
  ADD UNIQUE KEY `dni_15` (`dni`),
  ADD UNIQUE KEY `dni_16` (`dni`),
  ADD UNIQUE KEY `dni_17` (`dni`),
  ADD UNIQUE KEY `dni_18` (`dni`),
  ADD UNIQUE KEY `dni_19` (`dni`),
  ADD UNIQUE KEY `dni_20` (`dni`),
  ADD UNIQUE KEY `dni_21` (`dni`),
  ADD UNIQUE KEY `dni_22` (`dni`),
  ADD UNIQUE KEY `dni_23` (`dni`),
  ADD UNIQUE KEY `dni_24` (`dni`),
  ADD UNIQUE KEY `dni_25` (`dni`),
  ADD UNIQUE KEY `dni_26` (`dni`),
  ADD UNIQUE KEY `dni_27` (`dni`),
  ADD UNIQUE KEY `dni_28` (`dni`),
  ADD UNIQUE KEY `dni_29` (`dni`),
  ADD UNIQUE KEY `dni_30` (`dni`),
  ADD UNIQUE KEY `dni_31` (`dni`),
  ADD UNIQUE KEY `dni_32` (`dni`),
  ADD UNIQUE KEY `dni_33` (`dni`),
  ADD UNIQUE KEY `dni_34` (`dni`),
  ADD KEY `id_tipo_sanguineo` (`id_tipo_sanguineo`),
  ADD KEY `id_seguro_medico` (`id_seguro_medico`);

--
-- Indices de la tabla `paciente_alergias`
--
ALTER TABLE `paciente_alergias`
  ADD PRIMARY KEY (`id_Alergia`),
  ADD KEY `id_nombre_alergia` (`id_nombre_alergia`),
  ADD KEY `id_paciente` (`id_paciente`),
  ADD KEY `id_tratamiento` (`id_tratamiento`);

--
-- Indices de la tabla `paciente_antecedentes_familiares`
--
ALTER TABLE `paciente_antecedentes_familiares`
  ADD PRIMARY KEY (`id_Antecedente_Familiar`),
  ADD KEY `id_Paciente` (`id_Paciente`),
  ADD KEY `id_Lazo_Familiar` (`id_Lazo_Familiar`);

--
-- Indices de la tabla `paciente_cirugias`
--
ALTER TABLE `paciente_cirugias`
  ADD PRIMARY KEY (`id_cirugia`),
  ADD KEY `id_nombre_cirugia` (`id_nombre_cirugia`),
  ADD KEY `id_medico` (`id_medico`),
  ADD KEY `id_paciente` (`id_paciente`),
  ADD KEY `id_Admision` (`id_Admision`);

--
-- Indices de la tabla `paciente_diagnosticos`
--
ALTER TABLE `paciente_diagnosticos`
  ADD PRIMARY KEY (`id_Paciente_Diagnosticos`),
  ADD KEY `id_tipo_de_diagnostico` (`id_tipo_de_diagnostico`),
  ADD KEY `id_medico` (`id_medico`),
  ADD KEY `id_paciente` (`id_paciente`),
  ADD KEY `id_Admision` (`id_Admision`);

--
-- Indices de la tabla `paciente_evaluacion_fisica`
--
ALTER TABLE `paciente_evaluacion_fisica`
  ADD PRIMARY KEY (`id_Evaluacion_fisica`),
  ADD KEY `id_Admision` (`id_Admision`),
  ADD KEY `id_Paciente` (`id_Paciente`),
  ADD KEY `id_Enfermero` (`id_Enfermero`);

--
-- Indices de la tabla `paciente_medicacion_actual`
--
ALTER TABLE `paciente_medicacion_actual`
  ADD PRIMARY KEY (`id_Paciente_Medicacion_Actual`),
  ADD KEY `id_Medicamento` (`id_Medicamento`),
  ADD KEY `id_Admision` (`id_Admision`),
  ADD KEY `id_Paciente` (`id_Paciente`);

--
-- Indices de la tabla `paciente_pruebas_diagnosticas`
--
ALTER TABLE `paciente_pruebas_diagnosticas`
  ADD PRIMARY KEY (`id_Prueba_Diagnostica`),
  ADD KEY `id_nombre_prueba_diagnostica` (`id_nombre_prueba_diagnostica`),
  ADD KEY `id_diagnostico` (`id_diagnostico`),
  ADD KEY `id_paciente` (`id_paciente`);

--
-- Indices de la tabla `paciente_recetas`
--
ALTER TABLE `paciente_recetas`
  ADD PRIMARY KEY (`id_Receta`),
  ADD KEY `id_paciente` (`id_paciente`),
  ADD KEY `id_medico` (`id_medico`),
  ADD KEY `id_admision` (`id_admision`);

--
-- Indices de la tabla `paciente_seguro_medico`
--
ALTER TABLE `paciente_seguro_medico`
  ADD PRIMARY KEY (`id_seguro_medico`),
  ADD UNIQUE KEY `numero` (`numero`),
  ADD UNIQUE KEY `numero_2` (`numero`),
  ADD UNIQUE KEY `numero_3` (`numero`),
  ADD UNIQUE KEY `numero_4` (`numero`),
  ADD UNIQUE KEY `numero_5` (`numero`),
  ADD UNIQUE KEY `numero_6` (`numero`),
  ADD UNIQUE KEY `numero_7` (`numero`),
  ADD UNIQUE KEY `numero_8` (`numero`),
  ADD UNIQUE KEY `numero_9` (`numero`),
  ADD UNIQUE KEY `numero_10` (`numero`),
  ADD UNIQUE KEY `numero_11` (`numero`),
  ADD UNIQUE KEY `numero_12` (`numero`),
  ADD UNIQUE KEY `numero_13` (`numero`),
  ADD UNIQUE KEY `numero_14` (`numero`),
  ADD UNIQUE KEY `numero_15` (`numero`),
  ADD UNIQUE KEY `numero_16` (`numero`),
  ADD UNIQUE KEY `numero_17` (`numero`),
  ADD UNIQUE KEY `numero_18` (`numero`),
  ADD UNIQUE KEY `numero_19` (`numero`),
  ADD UNIQUE KEY `numero_20` (`numero`),
  ADD UNIQUE KEY `numero_21` (`numero`),
  ADD UNIQUE KEY `numero_22` (`numero`),
  ADD UNIQUE KEY `numero_23` (`numero`),
  ADD UNIQUE KEY `numero_24` (`numero`),
  ADD UNIQUE KEY `numero_25` (`numero`),
  ADD UNIQUE KEY `numero_26` (`numero`),
  ADD UNIQUE KEY `numero_27` (`numero`),
  ADD UNIQUE KEY `numero_28` (`numero`),
  ADD UNIQUE KEY `numero_29` (`numero`),
  ADD UNIQUE KEY `numero_30` (`numero`),
  ADD UNIQUE KEY `numero_31` (`numero`),
  ADD UNIQUE KEY `numero_32` (`numero`),
  ADD UNIQUE KEY `numero_33` (`numero`),
  ADD UNIQUE KEY `numero_34` (`numero`),
  ADD KEY `id_mutual` (`id_mutual`),
  ADD KEY `id_categoria_seguro` (`id_categoria_seguro`);

--
-- Indices de la tabla `paciente_tratamientos`
--
ALTER TABLE `paciente_tratamientos`
  ADD PRIMARY KEY (`id_tratamiento`),
  ADD KEY `id_tipo_de_tratamiento` (`id_tipo_de_tratamiento`),
  ADD KEY `id_paciente` (`id_paciente`),
  ADD KEY `id_medicamento` (`id_medicamento`),
  ADD KEY `id_enfermero` (`id_enfermero`),
  ADD KEY `id_medico` (`id_medico`),
  ADD KEY `id_Paciente_Diagnosticos` (`id_Paciente_Diagnosticos`),
  ADD KEY `id_admision` (`id_admision`);

--
-- Indices de la tabla `personal_de_admision`
--
ALTER TABLE `personal_de_admision`
  ADD PRIMARY KEY (`id_personal_de_admision`),
  ADD UNIQUE KEY `dni` (`dni`),
  ADD UNIQUE KEY `dni_2` (`dni`),
  ADD UNIQUE KEY `dni_3` (`dni`),
  ADD UNIQUE KEY `dni_4` (`dni`),
  ADD UNIQUE KEY `dni_5` (`dni`),
  ADD UNIQUE KEY `dni_6` (`dni`),
  ADD UNIQUE KEY `dni_7` (`dni`),
  ADD UNIQUE KEY `dni_8` (`dni`),
  ADD UNIQUE KEY `dni_9` (`dni`),
  ADD UNIQUE KEY `dni_10` (`dni`),
  ADD UNIQUE KEY `dni_11` (`dni`),
  ADD UNIQUE KEY `dni_12` (`dni`),
  ADD UNIQUE KEY `dni_13` (`dni`),
  ADD UNIQUE KEY `dni_14` (`dni`),
  ADD UNIQUE KEY `dni_15` (`dni`),
  ADD UNIQUE KEY `dni_16` (`dni`),
  ADD UNIQUE KEY `dni_17` (`dni`),
  ADD UNIQUE KEY `dni_18` (`dni`),
  ADD UNIQUE KEY `dni_19` (`dni`),
  ADD UNIQUE KEY `dni_20` (`dni`),
  ADD UNIQUE KEY `dni_21` (`dni`),
  ADD UNIQUE KEY `dni_22` (`dni`),
  ADD UNIQUE KEY `dni_23` (`dni`),
  ADD UNIQUE KEY `dni_24` (`dni`),
  ADD UNIQUE KEY `dni_25` (`dni`),
  ADD UNIQUE KEY `dni_26` (`dni`),
  ADD UNIQUE KEY `dni_27` (`dni`),
  ADD UNIQUE KEY `dni_28` (`dni`),
  ADD UNIQUE KEY `dni_29` (`dni`),
  ADD UNIQUE KEY `dni_30` (`dni`),
  ADD UNIQUE KEY `dni_31` (`dni`),
  ADD UNIQUE KEY `dni_32` (`dni`),
  ADD UNIQUE KEY `dni_33` (`dni`),
  ADD UNIQUE KEY `dni_34` (`dni`),
  ADD KEY `id_usuario` (`id_usuario`);

--
-- Indices de la tabla `prioridad_de_atencion`
--
ALTER TABLE `prioridad_de_atencion`
  ADD PRIMARY KEY (`id_prioridad_de_atencion`);

--
-- Indices de la tabla `recetas_medicamentos`
--
ALTER TABLE `recetas_medicamentos`
  ADD PRIMARY KEY (`id_Recetas_Medicamentos`),
  ADD UNIQUE KEY `recetas_medicamentos_id_Receta_id_Medicamento_unique` (`id_Receta`,`id_Medicamento`),
  ADD KEY `id_Medicamento` (`id_Medicamento`);

--
-- Indices de la tabla `roles`
--
ALTER TABLE `roles`
  ADD PRIMARY KEY (`id_Rol`);

--
-- Indices de la tabla `sintomas`
--
ALTER TABLE `sintomas`
  ADD PRIMARY KEY (`id_Sintoma`),
  ADD KEY `id_Admision` (`id_Admision`),
  ADD KEY `id_Nombre_Sintoma` (`id_Nombre_Sintoma`);

--
-- Indices de la tabla `tipo_de_admision`
--
ALTER TABLE `tipo_de_admision`
  ADD PRIMARY KEY (`id_tipo_de_admision`),
  ADD UNIQUE KEY `tipo` (`tipo`),
  ADD UNIQUE KEY `tipo_2` (`tipo`),
  ADD UNIQUE KEY `tipo_3` (`tipo`),
  ADD UNIQUE KEY `tipo_4` (`tipo`),
  ADD UNIQUE KEY `tipo_5` (`tipo`),
  ADD UNIQUE KEY `tipo_6` (`tipo`),
  ADD UNIQUE KEY `tipo_7` (`tipo`),
  ADD UNIQUE KEY `tipo_8` (`tipo`),
  ADD UNIQUE KEY `tipo_9` (`tipo`),
  ADD UNIQUE KEY `tipo_10` (`tipo`),
  ADD UNIQUE KEY `tipo_11` (`tipo`),
  ADD UNIQUE KEY `tipo_12` (`tipo`),
  ADD UNIQUE KEY `tipo_13` (`tipo`),
  ADD UNIQUE KEY `tipo_14` (`tipo`),
  ADD UNIQUE KEY `tipo_15` (`tipo`),
  ADD UNIQUE KEY `tipo_16` (`tipo`),
  ADD UNIQUE KEY `tipo_17` (`tipo`),
  ADD UNIQUE KEY `tipo_18` (`tipo`),
  ADD UNIQUE KEY `tipo_19` (`tipo`),
  ADD UNIQUE KEY `tipo_20` (`tipo`),
  ADD UNIQUE KEY `tipo_21` (`tipo`),
  ADD UNIQUE KEY `tipo_22` (`tipo`),
  ADD UNIQUE KEY `tipo_23` (`tipo`),
  ADD UNIQUE KEY `tipo_24` (`tipo`),
  ADD UNIQUE KEY `tipo_25` (`tipo`),
  ADD UNIQUE KEY `tipo_26` (`tipo`),
  ADD UNIQUE KEY `tipo_27` (`tipo`),
  ADD UNIQUE KEY `tipo_28` (`tipo`),
  ADD UNIQUE KEY `tipo_29` (`tipo`),
  ADD UNIQUE KEY `tipo_30` (`tipo`),
  ADD UNIQUE KEY `tipo_31` (`tipo`),
  ADD UNIQUE KEY `tipo_32` (`tipo`),
  ADD UNIQUE KEY `tipo_33` (`tipo`),
  ADD UNIQUE KEY `tipo_34` (`tipo`);

--
-- Indices de la tabla `tipo_de_diagnostico`
--
ALTER TABLE `tipo_de_diagnostico`
  ADD PRIMARY KEY (`id_tipo_de_diagnostico`);

--
-- Indices de la tabla `tipo_de_medicamento`
--
ALTER TABLE `tipo_de_medicamento`
  ADD PRIMARY KEY (`id_tipo_de_medicamento`);

--
-- Indices de la tabla `tipo_de_tratamiento`
--
ALTER TABLE `tipo_de_tratamiento`
  ADD PRIMARY KEY (`id_Tipo_De_Tratamiento`);

--
-- Indices de la tabla `tipo_sanguineo`
--
ALTER TABLE `tipo_sanguineo`
  ADD PRIMARY KEY (`id_tipo_sanguineo`);

--
-- Indices de la tabla `turnos`
--
ALTER TABLE `turnos`
  ADD PRIMARY KEY (`id_turno`),
  ADD KEY `id_horario_turno` (`id_horario_turno`),
  ADD KEY `id_paciente` (`id_paciente`),
  ADD KEY `id_medico` (`id_medico`);

--
-- Indices de la tabla `usuarios`
--
ALTER TABLE `usuarios`
  ADD PRIMARY KEY (`id_Usuario`),
  ADD UNIQUE KEY `email` (`email`),
  ADD UNIQUE KEY `email_2` (`email`),
  ADD UNIQUE KEY `email_3` (`email`),
  ADD UNIQUE KEY `email_4` (`email`),
  ADD UNIQUE KEY `email_5` (`email`),
  ADD UNIQUE KEY `email_6` (`email`),
  ADD UNIQUE KEY `email_7` (`email`),
  ADD UNIQUE KEY `email_8` (`email`),
  ADD UNIQUE KEY `email_9` (`email`),
  ADD UNIQUE KEY `email_10` (`email`),
  ADD UNIQUE KEY `email_11` (`email`),
  ADD UNIQUE KEY `email_12` (`email`),
  ADD UNIQUE KEY `email_13` (`email`),
  ADD UNIQUE KEY `email_14` (`email`),
  ADD UNIQUE KEY `email_15` (`email`),
  ADD UNIQUE KEY `email_16` (`email`),
  ADD UNIQUE KEY `email_17` (`email`),
  ADD UNIQUE KEY `email_18` (`email`),
  ADD UNIQUE KEY `email_19` (`email`),
  ADD UNIQUE KEY `email_20` (`email`),
  ADD UNIQUE KEY `email_21` (`email`),
  ADD UNIQUE KEY `email_22` (`email`),
  ADD UNIQUE KEY `email_23` (`email`),
  ADD UNIQUE KEY `email_24` (`email`),
  ADD UNIQUE KEY `email_25` (`email`),
  ADD UNIQUE KEY `email_26` (`email`),
  ADD UNIQUE KEY `email_27` (`email`),
  ADD UNIQUE KEY `email_28` (`email`),
  ADD UNIQUE KEY `email_29` (`email`),
  ADD UNIQUE KEY `email_30` (`email`),
  ADD UNIQUE KEY `email_31` (`email`),
  ADD UNIQUE KEY `email_32` (`email`),
  ADD UNIQUE KEY `email_33` (`email`),
  ADD UNIQUE KEY `email_34` (`email`),
  ADD KEY `id_Rol` (`id_Rol`);

--
-- AUTO_INCREMENT de las tablas volcadas
--

--
-- AUTO_INCREMENT de la tabla `admisiones`
--
ALTER TABLE `admisiones`
  MODIFY `id_Admision` int(11) NOT NULL AUTO_INCREMENT, AUTO_INCREMENT=24;

--
-- AUTO_INCREMENT de la tabla `categoriasseguros`
--
ALTER TABLE `categoriasseguros`
  MODIFY `id_Categoria_Seguro` int(11) NOT NULL AUTO_INCREMENT, AUTO_INCREMENT=5;

--
-- AUTO_INCREMENT de la tabla `enfermeros`
--
ALTER TABLE `enfermeros`
  MODIFY `id_Enfermero` int(11) NOT NULL AUTO_INCREMENT, AUTO_INCREMENT=3;

--
-- AUTO_INCREMENT de la tabla `especialidades`
--
ALTER TABLE `especialidades`
  MODIFY `id_Especialidad` int(11) NOT NULL AUTO_INCREMENT, AUTO_INCREMENT=36;

--
-- AUTO_INCREMENT de la tabla `horarios_turnos`
--
ALTER TABLE `horarios_turnos`
  MODIFY `id_horario_turno` int(11) NOT NULL AUTO_INCREMENT, AUTO_INCREMENT=26;

--
-- AUTO_INCREMENT de la tabla `hospital_alas`
--
ALTER TABLE `hospital_alas`
  MODIFY `id_Ala` int(11) NOT NULL AUTO_INCREMENT, AUTO_INCREMENT=5;

--
-- AUTO_INCREMENT de la tabla `hospital_camas`
--
ALTER TABLE `hospital_camas`
  MODIFY `id_Cama` int(11) NOT NULL AUTO_INCREMENT, AUTO_INCREMENT=55;

--
-- AUTO_INCREMENT de la tabla `hospital_habitaciones`
--
ALTER TABLE `hospital_habitaciones`
  MODIFY `id_Habitacion` int(11) NOT NULL AUTO_INCREMENT, AUTO_INCREMENT=36;

--
-- AUTO_INCREMENT de la tabla `lazo_familiar`
--
ALTER TABLE `lazo_familiar`
  MODIFY `id_Lazo_Familiar` int(11) NOT NULL AUTO_INCREMENT, AUTO_INCREMENT=37;

--
-- AUTO_INCREMENT de la tabla `medicamentos`
--
ALTER TABLE `medicamentos`
  MODIFY `id_Medicamento` int(11) NOT NULL AUTO_INCREMENT, AUTO_INCREMENT=66;

--
-- AUTO_INCREMENT de la tabla `medicos`
--
ALTER TABLE `medicos`
  MODIFY `id_Medico` int(11) NOT NULL AUTO_INCREMENT, AUTO_INCREMENT=3;

--
-- AUTO_INCREMENT de la tabla `motivo_de_internacion`
--
ALTER TABLE `motivo_de_internacion`
  MODIFY `id_motivo_de_Internacion` int(11) NOT NULL AUTO_INCREMENT, AUTO_INCREMENT=6;

--
-- AUTO_INCREMENT de la tabla `mutuales`
--
ALTER TABLE `mutuales`
  MODIFY `id_mutual` int(11) NOT NULL AUTO_INCREMENT, AUTO_INCREMENT=6;

--
-- AUTO_INCREMENT de la tabla `nombre_alergia`
--
ALTER TABLE `nombre_alergia`
  MODIFY `id_nombre_alergia` int(11) NOT NULL AUTO_INCREMENT, AUTO_INCREMENT=130;

--
-- AUTO_INCREMENT de la tabla `nombre_cirugia`
--
ALTER TABLE `nombre_cirugia`
  MODIFY `id_nombre_cirugia` int(11) NOT NULL AUTO_INCREMENT, AUTO_INCREMENT=115;

--
-- AUTO_INCREMENT de la tabla `nombre_prueba_diagnostica`
--
ALTER TABLE `nombre_prueba_diagnostica`
  MODIFY `id_nombre_prueba_diagnostica` int(11) NOT NULL AUTO_INCREMENT, AUTO_INCREMENT=67;

--
-- AUTO_INCREMENT de la tabla `nombre_sintoma`
--
ALTER TABLE `nombre_sintoma`
  MODIFY `id_Nombre_Sintoma` int(11) NOT NULL AUTO_INCREMENT, AUTO_INCREMENT=116;

--
-- AUTO_INCREMENT de la tabla `pacientes`
--
ALTER TABLE `pacientes`
  MODIFY `id_Paciente` int(11) NOT NULL AUTO_INCREMENT, AUTO_INCREMENT=8;

--
-- AUTO_INCREMENT de la tabla `paciente_alergias`
--
ALTER TABLE `paciente_alergias`
  MODIFY `id_Alergia` int(11) NOT NULL AUTO_INCREMENT, AUTO_INCREMENT=21;

--
-- AUTO_INCREMENT de la tabla `paciente_antecedentes_familiares`
--
ALTER TABLE `paciente_antecedentes_familiares`
  MODIFY `id_Antecedente_Familiar` int(11) NOT NULL AUTO_INCREMENT, AUTO_INCREMENT=15;

--
-- AUTO_INCREMENT de la tabla `paciente_cirugias`
--
ALTER TABLE `paciente_cirugias`
  MODIFY `id_cirugia` int(11) NOT NULL AUTO_INCREMENT, AUTO_INCREMENT=13;

--
-- AUTO_INCREMENT de la tabla `paciente_diagnosticos`
--
ALTER TABLE `paciente_diagnosticos`
  MODIFY `id_Paciente_Diagnosticos` int(11) NOT NULL AUTO_INCREMENT, AUTO_INCREMENT=16;

--
-- AUTO_INCREMENT de la tabla `paciente_evaluacion_fisica`
--
ALTER TABLE `paciente_evaluacion_fisica`
  MODIFY `id_Evaluacion_fisica` int(11) NOT NULL AUTO_INCREMENT, AUTO_INCREMENT=13;

--
-- AUTO_INCREMENT de la tabla `paciente_medicacion_actual`
--
ALTER TABLE `paciente_medicacion_actual`
  MODIFY `id_Paciente_Medicacion_Actual` int(11) NOT NULL AUTO_INCREMENT, AUTO_INCREMENT=9;

--
-- AUTO_INCREMENT de la tabla `paciente_pruebas_diagnosticas`
--
ALTER TABLE `paciente_pruebas_diagnosticas`
  MODIFY `id_Prueba_Diagnostica` int(11) NOT NULL AUTO_INCREMENT, AUTO_INCREMENT=16;

--
-- AUTO_INCREMENT de la tabla `paciente_recetas`
--
ALTER TABLE `paciente_recetas`
  MODIFY `id_Receta` int(11) NOT NULL AUTO_INCREMENT, AUTO_INCREMENT=15;

--
-- AUTO_INCREMENT de la tabla `paciente_seguro_medico`
--
ALTER TABLE `paciente_seguro_medico`
  MODIFY `id_seguro_medico` int(11) NOT NULL AUTO_INCREMENT, AUTO_INCREMENT=7;

--
-- AUTO_INCREMENT de la tabla `paciente_tratamientos`
--
ALTER TABLE `paciente_tratamientos`
  MODIFY `id_tratamiento` int(11) NOT NULL AUTO_INCREMENT, AUTO_INCREMENT=47;

--
-- AUTO_INCREMENT de la tabla `personal_de_admision`
--
ALTER TABLE `personal_de_admision`
  MODIFY `id_personal_de_admision` int(11) NOT NULL AUTO_INCREMENT, AUTO_INCREMENT=2;

--
-- AUTO_INCREMENT de la tabla `prioridad_de_atencion`
--
ALTER TABLE `prioridad_de_atencion`
  MODIFY `id_prioridad_de_atencion` int(11) NOT NULL AUTO_INCREMENT, AUTO_INCREMENT=5;

--
-- AUTO_INCREMENT de la tabla `recetas_medicamentos`
--
ALTER TABLE `recetas_medicamentos`
  MODIFY `id_Recetas_Medicamentos` int(11) NOT NULL AUTO_INCREMENT, AUTO_INCREMENT=13;

--
-- AUTO_INCREMENT de la tabla `roles`
--
ALTER TABLE `roles`
  MODIFY `id_Rol` int(11) NOT NULL AUTO_INCREMENT, AUTO_INCREMENT=5;

--
-- AUTO_INCREMENT de la tabla `sintomas`
--
ALTER TABLE `sintomas`
  MODIFY `id_Sintoma` int(11) NOT NULL AUTO_INCREMENT, AUTO_INCREMENT=21;

--
-- AUTO_INCREMENT de la tabla `tipo_de_admision`
--
ALTER TABLE `tipo_de_admision`
  MODIFY `id_tipo_de_admision` int(11) NOT NULL AUTO_INCREMENT, AUTO_INCREMENT=5;

--
-- AUTO_INCREMENT de la tabla `tipo_de_diagnostico`
--
ALTER TABLE `tipo_de_diagnostico`
  MODIFY `id_tipo_de_diagnostico` int(11) NOT NULL AUTO_INCREMENT, AUTO_INCREMENT=6;

--
-- AUTO_INCREMENT de la tabla `tipo_de_medicamento`
--
ALTER TABLE `tipo_de_medicamento`
  MODIFY `id_tipo_de_medicamento` int(11) NOT NULL AUTO_INCREMENT, AUTO_INCREMENT=64;

--
-- AUTO_INCREMENT de la tabla `tipo_de_tratamiento`
--
ALTER TABLE `tipo_de_tratamiento`
  MODIFY `id_Tipo_De_Tratamiento` int(11) NOT NULL AUTO_INCREMENT, AUTO_INCREMENT=118;

--
-- AUTO_INCREMENT de la tabla `tipo_sanguineo`
--
ALTER TABLE `tipo_sanguineo`
  MODIFY `id_tipo_sanguineo` int(11) NOT NULL AUTO_INCREMENT, AUTO_INCREMENT=10;

--
-- AUTO_INCREMENT de la tabla `turnos`
--
ALTER TABLE `turnos`
  MODIFY `id_turno` int(11) NOT NULL AUTO_INCREMENT, AUTO_INCREMENT=37;

--
-- AUTO_INCREMENT de la tabla `usuarios`
--
ALTER TABLE `usuarios`
  MODIFY `id_Usuario` int(11) NOT NULL AUTO_INCREMENT, AUTO_INCREMENT=7;

--
-- Restricciones para tablas volcadas
--

--
-- Filtros para la tabla `admisiones`
--
ALTER TABLE `admisiones`
  ADD CONSTRAINT `admisiones_ibfk_166` FOREIGN KEY (`id_motivo_de_Internacion`) REFERENCES `motivo_de_internacion` (`id_motivo_de_Internacion`) ON DELETE CASCADE ON UPDATE CASCADE,
  ADD CONSTRAINT `admisiones_ibfk_167` FOREIGN KEY (`id_prioridad_de_atencion`) REFERENCES `prioridad_de_atencion` (`id_prioridad_de_atencion`) ON DELETE CASCADE ON UPDATE CASCADE,
  ADD CONSTRAINT `admisiones_ibfk_168` FOREIGN KEY (`id_tipo_de_admision`) REFERENCES `tipo_de_admision` (`id_tipo_de_admision`) ON DELETE CASCADE ON UPDATE CASCADE,
  ADD CONSTRAINT `admisiones_ibfk_169` FOREIGN KEY (`id_Paciente`) REFERENCES `pacientes` (`id_Paciente`) ON DELETE NO ACTION ON UPDATE CASCADE,
  ADD CONSTRAINT `admisiones_ibfk_170` FOREIGN KEY (`id_Cama`) REFERENCES `hospital_camas` (`id_Cama`) ON DELETE NO ACTION ON UPDATE CASCADE;

--
-- Filtros para la tabla `enfermeros`
--
ALTER TABLE `enfermeros`
  ADD CONSTRAINT `enfermeros_ibfk_1` FOREIGN KEY (`id_usuario`) REFERENCES `usuarios` (`id_Usuario`) ON DELETE NO ACTION ON UPDATE CASCADE;

--
-- Filtros para la tabla `hospital_camas`
--
ALTER TABLE `hospital_camas`
  ADD CONSTRAINT `hospital_camas_ibfk_1` FOREIGN KEY (`id_habitacion`) REFERENCES `hospital_habitaciones` (`id_Habitacion`) ON DELETE NO ACTION ON UPDATE CASCADE;

--
-- Filtros para la tabla `hospital_habitaciones`
--
ALTER TABLE `hospital_habitaciones`
  ADD CONSTRAINT `hospital_habitaciones_ibfk_1` FOREIGN KEY (`id_ala`) REFERENCES `hospital_alas` (`id_Ala`) ON DELETE CASCADE ON UPDATE CASCADE;

--
-- Filtros para la tabla `medicamentos`
--
ALTER TABLE `medicamentos`
  ADD CONSTRAINT `medicamentos_ibfk_1` FOREIGN KEY (`id_tipo_de_medicamento`) REFERENCES `tipo_de_medicamento` (`id_tipo_de_medicamento`) ON DELETE CASCADE ON UPDATE CASCADE;

--
-- Filtros para la tabla `medicos`
--
ALTER TABLE `medicos`
  ADD CONSTRAINT `medicos_ibfk_67` FOREIGN KEY (`id_Especialidad`) REFERENCES `especialidades` (`id_Especialidad`) ON DELETE CASCADE ON UPDATE CASCADE,
  ADD CONSTRAINT `medicos_ibfk_68` FOREIGN KEY (`id_usuario`) REFERENCES `usuarios` (`id_Usuario`) ON DELETE NO ACTION ON UPDATE CASCADE;

--
-- Filtros para la tabla `pacientes`
--
ALTER TABLE `pacientes`
  ADD CONSTRAINT `pacientes_ibfk_67` FOREIGN KEY (`id_tipo_sanguineo`) REFERENCES `tipo_sanguineo` (`id_tipo_sanguineo`) ON DELETE CASCADE ON UPDATE CASCADE,
  ADD CONSTRAINT `pacientes_ibfk_68` FOREIGN KEY (`id_seguro_medico`) REFERENCES `paciente_seguro_medico` (`id_seguro_medico`) ON DELETE CASCADE ON UPDATE CASCADE;

--
-- Filtros para la tabla `paciente_alergias`
--
ALTER TABLE `paciente_alergias`
  ADD CONSTRAINT `paciente_alergias_ibfk_100` FOREIGN KEY (`id_nombre_alergia`) REFERENCES `nombre_alergia` (`id_nombre_alergia`) ON DELETE CASCADE ON UPDATE CASCADE,
  ADD CONSTRAINT `paciente_alergias_ibfk_101` FOREIGN KEY (`id_paciente`) REFERENCES `pacientes` (`id_Paciente`) ON DELETE NO ACTION ON UPDATE CASCADE,
  ADD CONSTRAINT `paciente_alergias_ibfk_102` FOREIGN KEY (`id_tratamiento`) REFERENCES `paciente_tratamientos` (`id_tratamiento`) ON DELETE NO ACTION ON UPDATE CASCADE;

--
-- Filtros para la tabla `paciente_antecedentes_familiares`
--
ALTER TABLE `paciente_antecedentes_familiares`
  ADD CONSTRAINT `paciente_antecedentes_familiares_ibfk_37` FOREIGN KEY (`id_Paciente`) REFERENCES `pacientes` (`id_Paciente`) ON DELETE NO ACTION ON UPDATE CASCADE,
  ADD CONSTRAINT `paciente_antecedentes_familiares_ibfk_38` FOREIGN KEY (`id_Lazo_Familiar`) REFERENCES `lazo_familiar` (`id_Lazo_Familiar`) ON DELETE CASCADE ON UPDATE CASCADE;

--
-- Filtros para la tabla `paciente_cirugias`
--
ALTER TABLE `paciente_cirugias`
  ADD CONSTRAINT `paciente_cirugias_ibfk_122` FOREIGN KEY (`id_nombre_cirugia`) REFERENCES `nombre_cirugia` (`id_nombre_cirugia`) ON DELETE NO ACTION ON UPDATE CASCADE,
  ADD CONSTRAINT `paciente_cirugias_ibfk_123` FOREIGN KEY (`id_medico`) REFERENCES `medicos` (`id_Medico`) ON DELETE CASCADE ON UPDATE CASCADE,
  ADD CONSTRAINT `paciente_cirugias_ibfk_124` FOREIGN KEY (`id_paciente`) REFERENCES `pacientes` (`id_Paciente`) ON DELETE NO ACTION ON UPDATE CASCADE,
  ADD CONSTRAINT `paciente_cirugias_ibfk_125` FOREIGN KEY (`id_Admision`) REFERENCES `admisiones` (`id_Admision`) ON DELETE CASCADE ON UPDATE CASCADE;

--
-- Filtros para la tabla `paciente_diagnosticos`
--
ALTER TABLE `paciente_diagnosticos`
  ADD CONSTRAINT `paciente_diagnosticos_ibfk_149` FOREIGN KEY (`id_tipo_de_diagnostico`) REFERENCES `tipo_de_diagnostico` (`id_tipo_de_diagnostico`) ON DELETE CASCADE ON UPDATE CASCADE,
  ADD CONSTRAINT `paciente_diagnosticos_ibfk_150` FOREIGN KEY (`id_medico`) REFERENCES `medicos` (`id_Medico`) ON DELETE CASCADE ON UPDATE CASCADE,
  ADD CONSTRAINT `paciente_diagnosticos_ibfk_151` FOREIGN KEY (`id_paciente`) REFERENCES `pacientes` (`id_Paciente`) ON DELETE NO ACTION ON UPDATE CASCADE,
  ADD CONSTRAINT `paciente_diagnosticos_ibfk_152` FOREIGN KEY (`id_Admision`) REFERENCES `admisiones` (`id_Admision`) ON DELETE CASCADE ON UPDATE CASCADE;

--
-- Filtros para la tabla `paciente_evaluacion_fisica`
--
ALTER TABLE `paciente_evaluacion_fisica`
  ADD CONSTRAINT `paciente_evaluacion_fisica_ibfk_58` FOREIGN KEY (`id_Admision`) REFERENCES `admisiones` (`id_Admision`) ON DELETE CASCADE ON UPDATE CASCADE,
  ADD CONSTRAINT `paciente_evaluacion_fisica_ibfk_59` FOREIGN KEY (`id_Paciente`) REFERENCES `pacientes` (`id_Paciente`) ON DELETE NO ACTION ON UPDATE CASCADE,
  ADD CONSTRAINT `paciente_evaluacion_fisica_ibfk_60` FOREIGN KEY (`id_Enfermero`) REFERENCES `enfermeros` (`id_Enfermero`) ON DELETE CASCADE ON UPDATE CASCADE;

--
-- Filtros para la tabla `paciente_medicacion_actual`
--
ALTER TABLE `paciente_medicacion_actual`
  ADD CONSTRAINT `paciente_medicacion_actual_ibfk_73` FOREIGN KEY (`id_Medicamento`) REFERENCES `medicamentos` (`id_Medicamento`) ON DELETE CASCADE ON UPDATE CASCADE,
  ADD CONSTRAINT `paciente_medicacion_actual_ibfk_74` FOREIGN KEY (`id_Admision`) REFERENCES `admisiones` (`id_Admision`) ON DELETE CASCADE ON UPDATE CASCADE,
  ADD CONSTRAINT `paciente_medicacion_actual_ibfk_75` FOREIGN KEY (`id_Paciente`) REFERENCES `pacientes` (`id_Paciente`) ON DELETE NO ACTION ON UPDATE CASCADE;

--
-- Filtros para la tabla `paciente_pruebas_diagnosticas`
--
ALTER TABLE `paciente_pruebas_diagnosticas`
  ADD CONSTRAINT `paciente_pruebas_diagnosticas_ibfk_100` FOREIGN KEY (`id_nombre_prueba_diagnostica`) REFERENCES `nombre_prueba_diagnostica` (`id_nombre_prueba_diagnostica`) ON DELETE CASCADE ON UPDATE CASCADE,
  ADD CONSTRAINT `paciente_pruebas_diagnosticas_ibfk_101` FOREIGN KEY (`id_diagnostico`) REFERENCES `paciente_diagnosticos` (`id_Paciente_Diagnosticos`) ON DELETE CASCADE ON UPDATE CASCADE,
  ADD CONSTRAINT `paciente_pruebas_diagnosticas_ibfk_102` FOREIGN KEY (`id_paciente`) REFERENCES `pacientes` (`id_Paciente`) ON DELETE NO ACTION ON UPDATE CASCADE;

--
-- Filtros para la tabla `paciente_recetas`
--
ALTER TABLE `paciente_recetas`
  ADD CONSTRAINT `paciente_recetas_ibfk_101` FOREIGN KEY (`id_paciente`) REFERENCES `pacientes` (`id_Paciente`) ON DELETE NO ACTION ON UPDATE CASCADE,
  ADD CONSTRAINT `paciente_recetas_ibfk_102` FOREIGN KEY (`id_medico`) REFERENCES `medicos` (`id_Medico`) ON DELETE CASCADE ON UPDATE CASCADE,
  ADD CONSTRAINT `paciente_recetas_ibfk_103` FOREIGN KEY (`id_admision`) REFERENCES `admisiones` (`id_Admision`) ON DELETE CASCADE ON UPDATE CASCADE;

--
-- Filtros para la tabla `paciente_seguro_medico`
--
ALTER TABLE `paciente_seguro_medico`
  ADD CONSTRAINT `paciente_seguro_medico_ibfk_67` FOREIGN KEY (`id_mutual`) REFERENCES `mutuales` (`id_mutual`) ON DELETE CASCADE ON UPDATE CASCADE,
  ADD CONSTRAINT `paciente_seguro_medico_ibfk_68` FOREIGN KEY (`id_categoria_seguro`) REFERENCES `categoriasseguros` (`id_Categoria_Seguro`) ON DELETE CASCADE ON UPDATE CASCADE;

--
-- Filtros para la tabla `paciente_tratamientos`
--
ALTER TABLE `paciente_tratamientos`
  ADD CONSTRAINT `paciente_tratamientos_ibfk_160` FOREIGN KEY (`id_tipo_de_tratamiento`) REFERENCES `tipo_de_tratamiento` (`id_Tipo_De_Tratamiento`) ON DELETE CASCADE ON UPDATE CASCADE,
  ADD CONSTRAINT `paciente_tratamientos_ibfk_161` FOREIGN KEY (`id_paciente`) REFERENCES `pacientes` (`id_Paciente`) ON DELETE NO ACTION ON UPDATE CASCADE,
  ADD CONSTRAINT `paciente_tratamientos_ibfk_162` FOREIGN KEY (`id_medicamento`) REFERENCES `medicamentos` (`id_Medicamento`) ON DELETE CASCADE ON UPDATE CASCADE,
  ADD CONSTRAINT `paciente_tratamientos_ibfk_163` FOREIGN KEY (`id_enfermero`) REFERENCES `enfermeros` (`id_Enfermero`) ON DELETE CASCADE ON UPDATE CASCADE,
  ADD CONSTRAINT `paciente_tratamientos_ibfk_164` FOREIGN KEY (`id_medico`) REFERENCES `medicos` (`id_Medico`) ON DELETE CASCADE ON UPDATE CASCADE,
  ADD CONSTRAINT `paciente_tratamientos_ibfk_165` FOREIGN KEY (`id_Paciente_Diagnosticos`) REFERENCES `paciente_diagnosticos` (`id_Paciente_Diagnosticos`) ON DELETE CASCADE ON UPDATE CASCADE,
  ADD CONSTRAINT `paciente_tratamientos_ibfk_166` FOREIGN KEY (`id_admision`) REFERENCES `admisiones` (`id_Admision`) ON DELETE CASCADE ON UPDATE CASCADE;

--
-- Filtros para la tabla `personal_de_admision`
--
ALTER TABLE `personal_de_admision`
  ADD CONSTRAINT `personal_de_admision_ibfk_1` FOREIGN KEY (`id_usuario`) REFERENCES `usuarios` (`id_Usuario`) ON DELETE NO ACTION ON UPDATE CASCADE;

--
-- Filtros para la tabla `recetas_medicamentos`
--
ALTER TABLE `recetas_medicamentos`
  ADD CONSTRAINT `recetas_medicamentos_ibfk_15` FOREIGN KEY (`id_Receta`) REFERENCES `paciente_recetas` (`id_Receta`) ON DELETE CASCADE ON UPDATE CASCADE,
  ADD CONSTRAINT `recetas_medicamentos_ibfk_16` FOREIGN KEY (`id_Medicamento`) REFERENCES `medicamentos` (`id_Medicamento`) ON DELETE CASCADE ON UPDATE CASCADE;

--
-- Filtros para la tabla `sintomas`
--
ALTER TABLE `sintomas`
  ADD CONSTRAINT `sintomas_ibfk_72` FOREIGN KEY (`id_Admision`) REFERENCES `admisiones` (`id_Admision`) ON DELETE NO ACTION ON UPDATE CASCADE,
  ADD CONSTRAINT `sintomas_ibfk_73` FOREIGN KEY (`id_Nombre_Sintoma`) REFERENCES `nombre_sintoma` (`id_Nombre_Sintoma`) ON DELETE NO ACTION ON UPDATE CASCADE;

--
-- Filtros para la tabla `turnos`
--
ALTER TABLE `turnos`
  ADD CONSTRAINT `turnos_ibfk_91` FOREIGN KEY (`id_horario_turno`) REFERENCES `horarios_turnos` (`id_horario_turno`) ON DELETE CASCADE ON UPDATE CASCADE,
  ADD CONSTRAINT `turnos_ibfk_92` FOREIGN KEY (`id_paciente`) REFERENCES `pacientes` (`id_Paciente`) ON DELETE CASCADE ON UPDATE CASCADE,
  ADD CONSTRAINT `turnos_ibfk_93` FOREIGN KEY (`id_medico`) REFERENCES `medicos` (`id_Medico`) ON DELETE CASCADE ON UPDATE CASCADE;

--
-- Filtros para la tabla `usuarios`
--
ALTER TABLE `usuarios`
  ADD CONSTRAINT `usuarios_ibfk_1` FOREIGN KEY (`id_Rol`) REFERENCES `roles` (`id_Rol`) ON DELETE CASCADE ON UPDATE CASCADE;
SET FOREIGN_KEY_CHECKS=1;
COMMIT;

/*!40101 SET CHARACTER_SET_CLIENT=@OLD_CHARACTER_SET_CLIENT */;
/*!40101 SET CHARACTER_SET_RESULTS=@OLD_CHARACTER_SET_RESULTS */;
/*!40101 SET COLLATION_CONNECTION=@OLD_COLLATION_CONNECTION */;
